Workbook

Sheet Criteria
A1: ID | B1: Criterion | C1: Target | D1: Measured | E1: Out of / threshold | F1: Status
A2: C1 | B2: Functional correctness | C2: 14 of 14 | D2: =COUNTIF(Exp1!$D$2:$D$15,"PASS") | E2: 14 | F2: =IF(D2=E2,"met","not met")
A3: C2 | B3: Detection rate | C3: 100% | D3: =COUNTIF(Exp3!$I$2:$I$501,">=1") | E3: =COUNTA(Exp3!$A$2:$A$501) | F3: =IF(D3=E3,"met","not met")
A4: C3 | B4: False positives | C4: 0 | D4: =Exp1!G6 | E4: 0 | F4: =IF(D4=E4,"met","not met")
A5: C4 | B5: Cipher list accuracy | C5: 100% | D5: =COUNTIF(Exp3!$V$2:$V$501,TRUE) | E5: =COUNTIF(Exp3!$N$2:$N$501,TRUE) | F5: =IF(D5=E5,"met","not met")
A6: C5 | B6: Version accuracy | C6: 100% | D6: =COUNTIF(Exp3!$W$2:$W$501,TRUE) | E6: =COUNTIF(Exp3!$O$2:$O$501,TRUE) | F6: =IF(D6=E6,"met","not met")
A7: C6 | B7: False certainty | C7: 0 | D7: =COUNTIF(Exp3!$V$2:$V$501,FALSE)+COUNTIF(Exp3!$W$2:$W$501,FALSE)+COUNTIF(Exp3!$T$2:$T$501,FALSE)+COUNTIF(Exp3!$U$2:$U$501,FALSE) | E7: 0 | F7: =IF(D7=E7,"met","not met")
A8: C7 | B8: Container attribution | C8: 100% | D8: =COUNTIF(Exp3!$X$2:$X$501,TRUE) | E8: =COUNTA(Exp3!$A$2:$A$501) | F8: =IF(D8=E8,"met","not met")
A9: C8 | B9: Truncation reporting (split flagged) | C9: 100% | D9: =COUNTIFS(Exp4!$K$2:$K$1441,TRUE,Exp4!$L$2:$L$1441,TRUE) | E9: =COUNTIF(Exp4!$K$2:$K$1441,TRUE) | F9: =IF(D9=E9,"met","not met")
A10: C8 | B10: Truncation reporting (fits but flagged) | C10: 0 | D10: =COUNTIFS(Exp4!$K$2:$K$1441,FALSE,Exp4!$L$2:$L$1441,TRUE) | E10: 0 | F10: =IF(D10=E10,"met","not met")
A11: C9 | B11: Fragmentation coverage | C11: tested against H1 to H3 | D11: H1 holds except openssl MLKEM768 (pure PQ) at 1500-off: fits | E11: see Exp4_coverage | F11: reported
A12: C10 | B12: Verdict agreement | C12: 100% | D12: =COUNTIF(Exp3!$Y$2:$Y$501,TRUE) | E12: =COUNTIF(Exp3!$R$2:$R$501,"<>unknown") | F12: =IF(D12=E12,"met","not met")
A13: C11 | B13: Enforcement accuracy (rows 8 to 10) | C13: all pass | D13: =COUNTIF(Exp1!$D$9:$D$11,"PASS") | E13: 3 | F13: =IF(D13=E13,"met","not met")
A14: C12 | B14: Safe failure (rows 9, 11 to 13) | C14: all hold | D14: =COUNTIF(Exp1!$D$10,"PASS")+COUNTIF(Exp1!$D$12:$D$14,"PASS") | E14: 4 | F14: =IF(D14=E14,"met","not met")
A15: C13 | B15: Handshake overhead, worst change | C15: under 5% | D15: =MAX(ABS(MEDIAN(Exp5_cost!$E$12:$E$21)/MEDIAN(Exp5_cost!$E$2:$E$11)-1),ABS(MEDIAN(Exp5_cost!$E$22:$E$31)/MEDIAN(Exp5_cost!$E$2:$E$11)-1)) | E15: 0.05 | F15: =IF(D15<E15,"met","not met")
A16: C14 | B16: Kernel cost per call, enforce (ns) | C16: reported | D16: =AVERAGEIFS(Exp5_stats!$F$2:$F$7,Exp5_stats!$A$2:$A$7,"enforce") | F16: reported
A17: C15 | B17: Event loss in experiment 5 | C17: 0 | D17: =SUM(Exp5_cost!$H$2:$H$31)+SUM(Exp5_stats!$G$2:$G$7)+SUM(Exp5_tput!$F$2:$F$16)+Exp5_latency!F4+SUM(Exp5_policy!$H$2:$H$21) | E17: 0 | F17: =IF(D17=E17,"met","not met")
A18: C16 | B18: Robustness: false complete fields | C18: 0 | D18: =SUM(Exp3_fuzz!$I$2:$I$5006) | E18: 0 | F18: =IF(D18=E18,"met","not met")
A19: C17 | B19: Data-path overhead, worst change | C19: under 5% | D19: =MAX(ABS(MEDIAN(Exp5_tput!$E$7:$E$11)/MEDIAN(Exp5_tput!$E$2:$E$6)-1),ABS(MEDIAN(Exp5_tput!$E$12:$E$16)/MEDIAN(Exp5_tput!$E$2:$E$6)-1)) | E19: 0.05 | F19: =IF(D19<E19,"met","not met")
A20: C18 | B20: Tail latency p99, worst change | C20: under 10% | D20: =MAX(Exp5_latency!G3/Exp5_latency!F3-1,Exp5_latency!H3/Exp5_latency!F3-1) | E20: 0.1 | F20: =IF(D20<E20,"met","not met")
A21: C19 | B21: Policy scalability, 1 to 64 rules | C21: under 5% | D21: =MAX(ABS(MEDIAN(Exp5_policy!$F$12:$F$16)/MEDIAN(Exp5_policy!$F$2:$F$6)-1),ABS(MEDIAN(Exp5_policy!$F$17:$F$21)/MEDIAN(Exp5_policy!$F$2:$F$6)-1)) | E21: 0.05 | F21: =IF(D21<E21,"met","not met")
A22: C19 | B22: Policy scalability, 1 against 30 ciphers | C22: under 5% | D22: =ABS(MEDIAN(Exp5_policy!$F$7:$F$11)/MEDIAN(Exp5_policy!$F$2:$F$6)-1) | E22: 0.05 | F22: =IF(D22<E22,"met","not met")
A23: C20 | B23: Saturation: highest rate with no drop (per s) | C23: reported | D23: =_xlfn.MAXIFS(Exp5_sat!$D$2:$D$5,Exp5_sat!$F$2:$F$5,0) | F23: reported
A24: C21 | B24: Footprint: JIT bytes | C24: reported | D24: =Exp5_footprint!B3 | F24: reported
A25: C22 | B25: Enforcement at scale | C25: 100% | D25: =COUNTIF(Exp6_matrix!$I$2:$I$73,TRUE) | E25: =COUNTA(Exp6_matrix!$A$2:$A$73) | F25: =IF(D25=E25,"met","not met")
A26: C23 | B26: Scenario validation | C26: all | D26: =COUNTIFS(Exp6_scenarios!$B$2:$B$4,"<>allow",Exp6_scenarios!$D$2:$D$4,TRUE) | E26: =COUNTA(Exp6_scenarios!$A$2:$A$4) | F26: =IF(D26=E26,"met","not met")
A27: C24 | B27: Attribution under concurrency | C27: 100%, none unnamed | D27: =SUM(Exp7!$I$2:$I$61) | E27: =SUM(Exp7!$H$2:$H$61) | F27: =IF(D27=E27,"met","not met")
A28: C25 | B28: Grade agreement | C28: 100% | D28: =COUNTIF(Exp3!$AC$2:$AC$501,TRUE) | E28: =COUNTIF(Exp3!$AB$2:$AB$501,TRUE) | F28: =IF(D28=E28,"met","not met")

Sheet Exp1
A1: No | B1: Function | C1: Evidence | D1: Result | F1: C3 traffic | G1: Value
A2: 1 | B2: Detect a ClientHello | C2: verify-M3: one event per TLS case | D2: PASS | F2: SSH connections | G2: 1
A3: 2 | B3: Ignore other traffic | C3: verify-M3 plaintext (HTTP), verify-M6.6 junk; here: 1 SSH and 100 random-byte connections, 101 received with 409621 bytes, 0 events | D3: PASS | F3: Random-byte connections | G3: 100
A4: 3 | B4: Read the cipher suites | C4: verify-M3 tls12_two, tls13_one, cipher_cap | D4: PASS | F4: Connections received | G4: 101
A5: 4 | B5: Read the versions | C5: verify-M3 tls12_two, tls13_one, default_small | D5: PASS | F5: Bytes received | G5: 409621
A6: 5 | B6: Flag a split ClientHello | C6: verify-M3 default_pqc, versions_cut | D6: PASS | F6: skbouncer events | G6: 0
A7: 6 | B7: Name the container | C7: verify-M4 shared network namespace; verify-M5 five containers, one veth | D7: PASS
A8: 7 | B8: Audit a violation | C8: verify-M5 | D8: PASS
A9: 8 | B9: Enforce a violation | C9: verify-M6 ports 4472, 4473 | D9: PASS
A10: 9 | B10: Fail open | C10: verify-M6 port 4475 | D10: PASS
A11: 10 | B11: Block unknown on request | C11: verify-M6 port 4478 | D11: PASS
A12: 11 | B12: Refuse the root cgroup | C12: verify-M6 refusal root_cgroup | D12: PASS
A13: 12 | B13: Refuse a non-veth in enforce mode | C13: verify-M6 refusal not_a_veth (lo) | D13: PASS
A14: 13 | B14: Detach on exit | C14: verify-M6.6 deaths (SIGPIPE, SIGHUP, SIGUSR2), coexist (SIGINT) | D14: PASS
A15: 14 | B15: Control | C15: here: row 8's client, skbouncer stopped: attached 0, established True, server got the ClientHello True | D15: PASS

Sheet Exp3
A1: Run | B1: Client | C1: Container | D1: Port | E1: Server record_len | F1: Server legacy_version | G1: Server ciphers | H1: Server versions | I1: Events | J1: Event container | K1: Event record_len | L1: Event legacy_version | M1: captured_len | N1: ciphers_seen | O1: versions_seen | P1: Event ciphers | Q1: Event versions | R1: Verdict | S1: Reference verdict | T1: record_len match | U1: legacy match | V1: Cipher match | W1: Version match | X1: Named correctly | Y1: Verdict agrees | Z1: Grade (skbouncer) | AA1: Grade (server) | AB1: Read in full | AC1: Grade agrees
A2: census | B2: openssl 3.5.8 default | C2: skb-eval-8352-c5001 | D2: 5001 | E2: 1543 | F2: 771 | G2: 1302 1303 1301 c02c c030 009f cca9 cca8 ccaa c02b c02f 009e c024 c028 006b c023 c027 0067 c00a c014 0039 c009 c013 0033 009d 009c 003d 003c 0035 002f | H2: 0304 0303 | I2: 1 | J2: skb-eval-8352-c5001 | K2: 1543 | L2: 771 | M2: 1443 | N2: TRUE | O2: TRUE | P2: 1302 1303 1301 c02c c030 009f cca9 cca8 ccaa c02b c02f 009e c024 c028 006b c023 c027 0067 c00a c014 0039 c009 c013 0033 009d 009c 003d 003c 0035 002f | Q2: 0304 0303 | R2: violation | S2: violation | T2: =K2=E2 | U2: =L2=F2 | V2: =IF(N2,EXACT(P2,G2),"") | W2: =IF(O2,EXACT(Q2,H2),"") | X2: =J2=C2 | Y2: =IF(R2="unknown","",R2=S2) | Z2: A | AA2: A | AB2: =AND(N2,O2,A2<>"census-mixed") | AC2: =IF(AB2,Z2=AA2,"")
A3: census | B3: openssl 3.5.8 default | C3: skb-eval-8352-c5002 | D3: 5002 | E3: 1543 | F3: 771 | G3: 1302 1303 1301 c02c c030 009f cca9 cca8 ccaa c02b c02f 009e c024 c028 006b c023 c027 0067 c00a c014 0039 c009 c013 0033 009d 009c 003d 003c 0035 002f | H3: 0304 0303 | I3: 1 | J3: skb-eval-8352-c5002 | K3: 1543 | L3: 771 | M3: 1443 | N3: TRUE | O3: TRUE | P3: 1302 1303 1301 c02c c030 009f cca9 cca8 ccaa c02b c02f 009e c024 c028 006b c023 c027 0067 c00a c014 0039 c009 c013 0033 009d 009c 003d 003c 0035 002f | Q3: 0304 0303 | R3: violation | S3: violation | T3: =K3=E3 | U3: =L3=F3 | V3: =IF(N3,EXACT(P3,G3),"") | W3: =IF(O3,EXACT(Q3,H3),"") | X3: =J3=C3 | Y3: =IF(R3="unknown","",R3=S3) | Z3: A | AA3: A | AB3: =AND(N3,O3,A3<>"census-mixed") | AC3: =IF(AB3,Z3=AA3,"")
A4: census | B4: openssl 3.5.8 default | C4: skb-eval-8352-c5003 | D4: 5003 | E4: 1543 | F4: 771 | G4: 1302 1303 1301 c02c c030 009f cca9 cca8 ccaa c02b c02f 009e c024 c028 006b c023 c027 0067 c00a c014 0039 c009 c013 0033 009d 009c 003d 003c 0035 002f | H4: 0304 0303 | I4: 1 | J4: skb-eval-8352-c5003 | K4: 1543 | L4: 771 | M4: 1443 | N4: TRUE | O4: TRUE | P4: 1302 1303 1301 c02c c030 009f cca9 cca8 ccaa c02b c02f 009e c024 c028 006b c023 c027 0067 c00a c014 0039 c009 c013 0033 009d 009c 003d 003c 0035 002f | Q4: 0304 0303 | R4: violation | S4: violation | T4: =K4=E4 | U4: =L4=F4 | V4: =IF(N4,EXACT(P4,G4),"") | W4: =IF(O4,EXACT(Q4,H4),"") | X4: =J4=C4 | Y4: =IF(R4="unknown","",R4=S4) | Z4: A | AA4: A | AB4: =AND(N4,O4,A4<>"census-mixed") | AC4: =IF(AB4,Z4=AA4,"")
A5: census | B5: openssl 3.5.8 default | C5: skb-eval-8352-c5004 | D5: 5004 | E5: 1543 | F5: 771 | G5: 1302 1303 1301 c02c c030 009f cca9 cca8 ccaa c02b c02f 009e c024 c028 006b c023 c027 0067 c00a c014 0039 c009 c013 0033 009d 009c 003d 003c 0035 002f | H5: 0304 0303 | I5: 1 | J5: skb-eval-8352-c5004 | K5: 1543 | L5: 771 | M5: 1443 | N5: TRUE | O5: TRUE | P5: 1302 1303 1301 c02c c030 009f cca9 cca8 ccaa c02b c02f 009e c024 c028 006b c023 c027 0067 c00a c014 0039 c009 c013 0033 009d 009c 003d 003c 0035 002f | Q5: 0304 0303 | R5: violation | S5: violation | T5: =K5=E5 | U5: =L5=F5 | V5: =IF(N5,EXACT(P5,G5),"") | W5: =IF(O5,EXACT(Q5,H5),"") | X5: =J5=C5 | Y5: =IF(R5="unknown","",R5=S5) | Z5: A | AA5: A | AB5: =AND(N5,O5,A5<>"census-mixed") | AC5: =IF(AB5,Z5=AA5,"")
A6: census | B6: openssl 3.5.8 default | C6: skb-eval-8352-c5005 | D6: 5005 | E6: 1543 | F6: 771 | G6: 1302 1303 1301 c02c c030 009f cca9 cca8 ccaa c02b c02f 009e c024 c028 006b c023 c027 0067 c00a c014 0039 c009 c013 0033 009d 009c 003d 003c 0035 002f | H6: 0304 0303 | I6: 1 | J6: skb-eval-8352-c5005 | K6: 1543 | L6: 771 | M6: 1443 | N6: TRUE | O6: TRUE | P6: 1302 1303 1301 c02c c030 009f cca9 cca8 ccaa c02b c02f 009e c024 c028 006b c023 c027 0067 c00a c014 0039 c009 c013 0033 009d 009c 003d 003c 0035 002f | Q6: 0304 0303 | R6: violation | S6: violation | T6: =K6=E6 | U6: =L6=F6 | V6: =IF(N6,EXACT(P6,G6),"") | W6: =IF(O6,EXACT(Q6,H6),"") | X6: =J6=C6 | Y6: =IF(R6="unknown","",R6=S6) | Z6: A | AA6: A | AB6: =AND(N6,O6,A6<>"census-mixed") | AC6: =IF(AB6,Z6=AA6,"")
A7: census | B7: openssl 3.5.8 default | C7: skb-eval-8352-c5006 | D7: 5006 | E7: 1543 | F7: 771 | G7: 1302 1303 1301 c02c c030 009f cca9 cca8 ccaa c02b c02f 009e c024 c028 006b c023 c027 0067 c00a c014 0039 c009 c013 0033 009d 009c 003d 003c 0035 002f | H7: 0304 0303 | I7: 1 | J7: skb-eval-8352-c5006 | K7: 1543 | L7: 771 | M7: 1443 | N7: TRUE | O7: TRUE | P7: 1302 1303 1301 c02c c030 009f cca9 cca8 ccaa c02b c02f 009e c024 c028 006b c023 c027 0067 c00a c014 0039 c009 c013 0033 009d 009c 003d 003c 0035 002f | Q7: 0304 0303 | R7: violation | S7: violation | T7: =K7=E7 | U7: =L7=F7 | V7: =IF(N7,EXACT(P7,G7),"") | W7: =IF(O7,EXACT(Q7,H7),"") | X7: =J7=C7 | Y7: =IF(R7="unknown","",R7=S7) | Z7: A | AA7: A | AB7: =AND(N7,O7,A7<>"census-mixed") | AC7: =IF(AB7,Z7=AA7,"")
A8: census | B8: openssl 3.5.8 default | C8: skb-eval-8352-c5007 | D8: 5007 | E8: 1543 | F8: 771 | G8: 1302 1303 1301 c02c c030 009f cca9 cca8 ccaa c02b c02f 009e c024 c028 006b c023 c027 0067 c00a c014 0039 c009 c013 0033 009d 009c 003d 003c 0035 002f | H8: 0304 0303 | I8: 1 | J8: skb-eval-8352-c5007 | K8: 1543 | L8: 771 | M8: 1443 | N8: TRUE | O8: TRUE | P8: 1302 1303 1301 c02c c030 009f cca9 cca8 ccaa c02b c02f 009e c024 c028 006b c023 c027 0067 c00a c014 0039 c009 c013 0033 009d 009c 003d 003c 0035 002f | Q8: 0304 0303 | R8: violation | S8: violation | T8: =K8=E8 | U8: =L8=F8 | V8: =IF(N8,EXACT(P8,G8),"") | W8: =IF(O8,EXACT(Q8,H8),"") | X8: =J8=C8 | Y8: =IF(R8="unknown","",R8=S8) | Z8: A | AA8: A | AB8: =AND(N8,O8,A8<>"census-mixed") | AC8: =IF(AB8,Z8=AA8,"")
A9: census | B9: openssl 3.5.8 default | C9: skb-eval-8352-c5008 | D9: 5008 | E9: 1543 | F9: 771 | G9: 1302 1303 1301 c02c c030 009f cca9 cca8 ccaa c02b c02f 009e c024 c028 006b c023 c027 0067 c00a c014 0039 c009 c013 0033 009d 009c 003d 003c 0035 002f | H9: 0304 0303 | I9: 1 | J9: skb-eval-8352-c5008 | K9: 1543 | L9: 771 | M9: 1443 | N9: TRUE | O9: TRUE | P9: 1302 1303 1301 c02c c030 009f cca9 cca8 ccaa c02b c02f 009e c024 c028 006b c023 c027 0067 c00a c014 0039 c009 c013 0033 009d 009c 003d 003c 0035 002f | Q9: 0304 0303 | R9: violation | S9: violation | T9: =K9=E9 | U9: =L9=F9 | V9: =IF(N9,EXACT(P9,G9),"") | W9: =IF(O9,EXACT(Q9,H9),"") | X9: =J9=C9 | Y9: =IF(R9="unknown","",R9=S9) | Z9: A | AA9: A | AB9: =AND(N9,O9,A9<>"census-mixed") | AC9: =IF(AB9,Z9=AA9,"")
A10: census | B10: openssl 3.5.8 default | C10: skb-eval-8352-c5009 | D10: 5009 | E10: 1543 | F10: 771 | G10: 1302 1303 1301 c02c c030 009f cca9 cca8 ccaa c02b c02f 009e c024 c028 006b c023 c027 0067 c00a c014 0039 c009 c013 0033 009d 009c 003d 003c 0035 002f | H10: 0304 0303 | I10: 1 | J10: skb-eval-8352-c5009 | K10: 1543 | L10: 771 | M10: 1443 | N10: TRUE | O10: TRUE | P10: 1302 1303 1301 c02c c030 009f cca9 cca8 ccaa c02b c02f 009e c024 c028 006b c023 c027 0067 c00a c014 0039 c009 c013 0033 009d 009c 003d 003c 0035 002f | Q10: 0304 0303 | R10: violation | S10: violation | T10: =K10=E10 | U10: =L10=F10 | V10: =IF(N10,EXACT(P10,G10),"") | W10: =IF(O10,EXACT(Q10,H10),"") | X10: =J10=C10 | Y10: =IF(R10="unknown","",R10=S10) | Z10: A | AA10: A | AB10: =AND(N10,O10,A10<>"census-mixed") | AC10: =IF(AB10,Z10=AA10,"")
A11: census | B11: openssl 3.5.8 default | C11: skb-eval-8352-c5010 | D11: 5010 | E11: 1543 | F11: 771 | G11: 1302 1303 1301 c02c c030 009f cca9 cca8 ccaa c02b c02f 009e c024 c028 006b c023 c027 0067 c00a c014 0039 c009 c013 0033 009d 009c 003d 003c 0035 002f | H11: 0304 0303 | I11: 1 | J11: skb-eval-8352-c5010 | K11: 1543 | L11: 771 | M11: 1443 | N11: TRUE | O11: TRUE | P11: 1302 1303 1301 c02c c030 009f cca9 cca8 ccaa c02b c02f 009e c024 c028 006b c023 c027 0067 c00a c014 0039 c009 c013 0033 009d 009c 003d 003c 0035 002f | Q11: 0304 0303 | R11: violation | S11: violation | T11: =K11=E11 | U11: =L11=F11 | V11: =IF(N11,EXACT(P11,G11),"") | W11: =IF(O11,EXACT(Q11,H11),"") | X11: =J11=C11 | Y11: =IF(R11="unknown","",R11=S11) | Z11: A | AA11: A | AB11: =AND(N11,O11,A11<>"census-mixed") | AC11: =IF(AB11,Z11=AA11,"")
A12: census | B12: openssl X25519 only (classical) | C12: skb-eval-8352-c5011 | D12: 5011 | E12: 309 | F12: 771 | G12: 1302 1303 1301 c02c c030 009f cca9 cca8 ccaa c02b c02f 009e c024 c028 006b c023 c027 0067 c00a c014 0039 c009 c013 0033 009d 009c 003d 003c 0035 002f | H12: 0304 0303 | I12: 1 | J12: skb-eval-8352-c5011 | K12: 309 | L12: 771 | M12: 309 | N12: TRUE | O12: TRUE | P12: 1302 1303 1301 c02c c030 009f cca9 cca8 ccaa c02b c02f 009e c024 c028 006b c023 c027 0067 c00a c014 0039 c009 c013 0033 009d 009c 003d 003c 0035 002f | Q12: 0304 0303 | R12: violation | S12: violation | T12: =K12=E12 | U12: =L12=F12 | V12: =IF(N12,EXACT(P12,G12),"") | W12: =IF(O12,EXACT(Q12,H12),"") | X12: =J12=C12 | Y12: =IF(R12="unknown","",R12=S12) | Z12: A | AA12: A | AB12: =AND(N12,O12,A12<>"census-mixed") | AC12: =IF(AB12,Z12=AA12,"")
A13: census | B13: openssl X25519 only (classical) | C13: skb-eval-8352-c5012 | D13: 5012 | E13: 309 | F13: 771 | G13: 1302 1303 1301 c02c c030 009f cca9 cca8 ccaa c02b c02f 009e c024 c028 006b c023 c027 0067 c00a c014 0039 c009 c013 0033 009d 009c 003d 003c 0035 002f | H13: 0304 0303 | I13: 1 | J13: skb-eval-8352-c5012 | K13: 309 | L13: 771 | M13: 309 | N13: TRUE | O13: TRUE | P13: 1302 1303 1301 c02c c030 009f cca9 cca8 ccaa c02b c02f 009e c024 c028 006b c023 c027 0067 c00a c014 0039 c009 c013 0033 009d 009c 003d 003c 0035 002f | Q13: 0304 0303 | R13: violation | S13: violation | T13: =K13=E13 | U13: =L13=F13 | V13: =IF(N13,EXACT(P13,G13),"") | W13: =IF(O13,EXACT(Q13,H13),"") | X13: =J13=C13 | Y13: =IF(R13="unknown","",R13=S13) | Z13: A | AA13: A | AB13: =AND(N13,O13,A13<>"census-mixed") | AC13: =IF(AB13,Z13=AA13,"")
... A81: census | B81: openssl MLKEM1024 (pure PQ) | C81: skb-eval-8352-c5080 | D81: 5080 | E81: 1837 | F81: 771 | G81: 1302 1303 1301 c02c c030 009f cca9 cca8 ccaa c02b c02f 009e c024 c028 006b c023 c027 0067 c00a c014 0039 c009 c013 0033 009d 009c 003d 003c 0035 002f | H81: 0304 0303 | I81: 1 | J81: skb-eval-8352-c5080 | K81: 1837 | L81: 771 | M81: 1443 | N81: TRUE | O81: TRUE | P81: 1302 1303 1301 c02c c030 009f cca9 cca8 ccaa c02b c02f 009e c024 c028 006b c023 c027 0067 c00a c014 0039 c009 c013 0033 009d 009c 003d 003c 0035 002f | Q81: 0304 0303 | R81: violation | S81: violation | T81: =K81=E81 | U81: =L81=F81 | V81: =IF(N81,EXACT(P81,G81),"") | W81: =IF(O81,EXACT(Q81,H81),"") | X81: =J81=C81 | Y81: =IF(R81="unknown","",R81=S81) | Z81: A | AA81: A | AB81: =AND(N81,O81,A81<>"census-mixed") | AC81: =IF(AB81,Z81=AA81,"")
A82: census | B82: openssl TLS 1.2 only | C82: skb-eval-8352-c5081 | D82: 5081 | E82: 210 | F82: 771 | G82: c02c c030 009f cca9 cca8 ccaa c02b c02f 009e c024 c028 006b c023 c027 0067 c00a c014 0039 c009 c013 0033 009d 009c 003d 003c 0035 002f | I82: 1 | J82: skb-eval-8352-c5081 | K82: 210 | L82: 771 | M82: 210 | N82: TRUE | O82: TRUE | P82: c02c c030 009f cca9 cca8 ccaa c02b c02f 009e c024 c028 006b c023 c027 0067 c00a c014 0039 c009 c013 0033 009d 009c 003d 003c 0035 002f | R82: violation | S82: violation | T82: =K82=E82 | U82: =L82=F82 | V82: =IF(N82,EXACT(P82,G82),"") | W82: =IF(O82,EXACT(Q82,H82),"") | X82: =J82=C82 | Y82: =IF(R82="unknown","",R82=S82) | Z82: A | AA82: A | AB82: =AND(N82,O82,A82<>"census-mixed") | AC82: =IF(AB82,Z82=AA82,"")
A83: census | B83: openssl TLS 1.2 only | C83: skb-eval-8352-c5082 | D83: 5082 | E83: 210 | F83: 771 | G83: c02c c030 009f cca9 cca8 ccaa c02b c02f 009e c024 c028 006b c023 c027 0067 c00a c014 0039 c009 c013 0033 009d 009c 003d 003c 0035 002f | I83: 1 | J83: skb-eval-8352-c5082 | K83: 210 | L83: 771 | M83: 210 | N83: TRUE | O83: TRUE | P83: c02c c030 009f cca9 cca8 ccaa c02b c02f 009e c024 c028 006b c023 c027 0067 c00a c014 0039 c009 c013 0033 009d 009c 003d 003c 0035 002f | R83: violation | S83: violation | T83: =K83=E83 | U83: =L83=F83 | V83: =IF(N83,EXACT(P83,G83),"") | W83: =IF(O83,EXACT(Q83,H83),"") | X83: =J83=C83 | Y83: =IF(R83="unknown","",R83=S83) | Z83: A | AA83: A | AB83: =AND(N83,O83,A83<>"census-mixed") | AC83: =IF(AB83,Z83=AA83,"")
A84: census | B84: openssl TLS 1.2 only | C84: skb-eval-8352-c5083 | D84: 5083 | E84: 210 | F84: 771 | G84: c02c c030 009f cca9 cca8 ccaa c02b c02f 009e c024 c028 006b c023 c027 0067 c00a c014 0039 c009 c013 0033 009d 009c 003d 003c 0035 002f | I84: 1 | J84: skb-eval-8352-c5083 | K84: 210 | L84: 771 | M84: 210 | N84: TRUE | O84: TRUE | P84: c02c c030 009f cca9 cca8 ccaa c02b c02f 009e c024 c028 006b c023 c027 0067 c00a c014 0039 c009 c013 0033 009d 009c 003d 003c 0035 002f | R84: violation | S84: violation | T84: =K84=E84 | U84: =L84=F84 | V84: =IF(N84,EXACT(P84,G84),"") | W84: =IF(O84,EXACT(Q84,H84),"") | X84: =J84=C84 | Y84: =IF(R84="unknown","",R84=S84) | Z84: A | AA84: A | AB84: =AND(N84,O84,A84<>"census-mixed") | AC84: =IF(AB84,Z84=AA84,"")
A85: census | B85: openssl TLS 1.2 only | C85: skb-eval-8352-c5084 | D85: 5084 | E85: 210 | F85: 771 | G85: c02c c030 009f cca9 cca8 ccaa c02b c02f 009e c024 c028 006b c023 c027 0067 c00a c014 0039 c009 c013 0033 009d 009c 003d 003c 0035 002f | I85: 1 | J85: skb-eval-8352-c5084 | K85: 210 | L85: 771 | M85: 210 | N85: TRUE | O85: TRUE | P85: c02c c030 009f cca9 cca8 ccaa c02b c02f 009e c024 c028 006b c023 c027 0067 c00a c014 0039 c009 c013 0033 009d 009c 003d 003c 0035 002f | R85: violation | S85: violation | T85: =K85=E85 | U85: =L85=F85 | V85: =IF(N85,EXACT(P85,G85),"") | W85: =IF(O85,EXACT(Q85,H85),"") | X85: =J85=C85 | Y85: =IF(R85="unknown","",R85=S85) | Z85: A | AA85: A | AB85: =AND(N85,O85,A85<>"census-mixed") | AC85: =IF(AB85,Z85=AA85,"")
A86: census | B86: openssl TLS 1.2 only | C86: skb-eval-8352-c5085 | D86: 5085 | E86: 210 | F86: 771 | G86: c02c c030 009f cca9 cca8 ccaa c02b c02f 009e c024 c028 006b c023 c027 0067 c00a c014 0039 c009 c013 0033 009d 009c 003d 003c 0035 002f | I86: 1 | J86: skb-eval-8352-c5085 | K86: 210 | L86: 771 | M86: 210 | N86: TRUE | O86: TRUE | P86: c02c c030 009f cca9 cca8 ccaa c02b c02f 009e c024 c028 006b c023 c027 0067 c00a c014 0039 c009 c013 0033 009d 009c 003d 003c 0035 002f | R86: violation | S86: violation | T86: =K86=E86 | U86: =L86=F86 | V86: =IF(N86,EXACT(P86,G86),"") | W86: =IF(O86,EXACT(Q86,H86),"") | X86: =J86=C86 | Y86: =IF(R86="unknown","",R86=S86) | Z86: A | AA86: A | AB86: =AND(N86,O86,A86<>"census-mixed") | AC86: =IF(AB86,Z86=AA86,"")
A87: census | B87: openssl TLS 1.2 only | C87: skb-eval-8352-c5086 | D87: 5086 | E87: 210 | F87: 771 | G87: c02c c030 009f cca9 cca8 ccaa c02b c02f 009e c024 c028 006b c023 c027 0067 c00a c014 0039 c009 c013 0033 009d 009c 003d 003c 0035 002f | I87: 1 | J87: skb-eval-8352-c5086 | K87: 210 | L87: 771 | M87: 210 | N87: TRUE | O87: TRUE | P87: c02c c030 009f cca9 cca8 ccaa c02b c02f 009e c024 c028 006b c023 c027 0067 c00a c014 0039 c009 c013 0033 009d 009c 003d 003c 0035 002f | R87: violation | S87: violation | T87: =K87=E87 | U87: =L87=F87 | V87: =IF(N87,EXACT(P87,G87),"") | W87: =IF(O87,EXACT(Q87,H87),"") | X87: =J87=C87 | Y87: =IF(R87="unknown","",R87=S87) | Z87: A | AA87: A | AB87: =AND(N87,O87,A87<>"census-mixed") | AC87: =IF(AB87,Z87=AA87,"")
A88: census | B88: openssl TLS 1.2 only | C88: skb-eval-8352-c5087 | D88: 5087 | E88: 210 | F88: 771 | G88: c02c c030 009f cca9 cca8 ccaa c02b c02f 009e c024 c028 006b c023 c027 0067 c00a c014 0039 c009 c013 0033 009d 009c 003d 003c 0035 002f | I88: 1 | J88: skb-eval-8352-c5087 | K88: 210 | L88: 771 | M88: 210 | N88: TRUE | O88: TRUE | P88: c02c c030 009f cca9 cca8 ccaa c02b c02f 009e c024 c028 006b c023 c027 0067 c00a c014 0039 c009 c013 0033 009d 009c 003d 003c 0035 002f | R88: violation | S88: violation | T88: =K88=E88 | U88: =L88=F88 | V88: =IF(N88,EXACT(P88,G88),"") | W88: =IF(O88,EXACT(Q88,H88),"") | X88: =J88=C88 | Y88: =IF(R88="unknown","",R88=S88) | Z88: A | AA88: A | AB88: =AND(N88,O88,A88<>"census-mixed") | AC88: =IF(AB88,Z88=AA88,"")
A89: census | B89: openssl TLS 1.2 only | C89: skb-eval-8352-c5088 | D89: 5088 | E89: 210 | F89: 771 | G89: c02c c030 009f cca9 cca8 ccaa c02b c02f 009e c024 c028 006b c023 c027 0067 c00a c014 0039 c009 c013 0033 009d 009c 003d 003c 0035 002f | I89: 1 | J89: skb-eval-8352-c5088 | K89: 210 | L89: 771 | M89: 210 | N89: TRUE | O89: TRUE | P89: c02c c030 009f cca9 cca8 ccaa c02b c02f 009e c024 c028 006b c023 c027 0067 c00a c014 0039 c009 c013 0033 009d 009c 003d 003c 0035 002f | R89: violation | S89: violation | T89: =K89=E89 | U89: =L89=F89 | V89: =IF(N89,EXACT(P89,G89),"") | W89: =IF(O89,EXACT(Q89,H89),"") | X89: =J89=C89 | Y89: =IF(R89="unknown","",R89=S89) | Z89: A | AA89: A | AB89: =AND(N89,O89,A89<>"census-mixed") | AC89: =IF(AB89,Z89=AA89,"")
A90: census | B90: openssl TLS 1.2 only | C90: skb-eval-8352-c5089 | D90: 5089 | E90: 210 | F90: 771 | G90: c02c c030 009f cca9 cca8 ccaa c02b c02f 009e c024 c028 006b c023 c027 0067 c00a c014 0039 c009 c013 0033 009d 009c 003d 003c 0035 002f | I90: 1 | J90: skb-eval-8352-c5089 | K90: 210 | L90: 771 | M90: 210 | N90: TRUE | O90: TRUE | P90: c02c c030 009f cca9 cca8 ccaa c02b c02f 009e c024 c028 006b c023 c027 0067 c00a c014 0039 c009 c013 0033 009d 009c 003d 003c 0035 002f | R90: violation | S90: violation | T90: =K90=E90 | U90: =L90=F90 | V90: =IF(N90,EXACT(P90,G90),"") | W90: =IF(O90,EXACT(Q90,H90),"") | X90: =J90=C90 | Y90: =IF(R90="unknown","",R90=S90) | Z90: A | AA90: A | AB90: =AND(N90,O90,A90<>"census-mixed") | AC90: =IF(AB90,Z90=AA90,"")
A91: census | B91: openssl TLS 1.2 only | C91: skb-eval-8352-c5090 | D91: 5090 | E91: 210 | F91: 771 | G91: c02c c030 009f cca9 cca8 ccaa c02b c02f 009e c024 c028 006b c023 c027 0067 c00a c014 0039 c009 c013 0033 009d 009c 003d 003c 0035 002f | I91: 1 | J91: skb-eval-8352-c5090 | K91: 210 | L91: 771 | M91: 210 | N91: TRUE | O91: TRUE | P91: c02c c030 009f cca9 cca8 ccaa c02b c02f 009e c024 c028 006b c023 c027 0067 c00a c014 0039 c009 c013 0033 009d 009c 003d 003c 0035 002f | R91: violation | S91: violation | T91: =K91=E91 | U91: =L91=F91 | V91: =IF(N91,EXACT(P91,G91),"") | W91: =IF(O91,EXACT(Q91,H91),"") | X91: =J91=C91 | Y91: =IF(R91="unknown","",R91=S91) | Z91: A | AA91: A | AB91: =AND(N91,O91,A91<>"census-mixed") | AC91: =IF(AB91,Z91=AA91,"")
A92: census | B92: curl 8.22 (OpenSSL 3.5.8) | C92: skb-eval-8352-c5091 | D92: 5091 | E92: 1561 | F92: 771 | G92: 1302 1303 1301 c02c c030 009f cca9 cca8 ccaa c02b c02f 009e c024 c028 006b c023 c027 0067 c00a c014 0039 c009 c013 0033 009d 009c 003d 003c 0035 002f | H92: 0304 0303 | I92: 1 | J92: skb-eval-8352-c5091 | K92: 1561 | L92: 771 | M92: 1443 | N92: TRUE | O92: TRUE | P92: 1302 1303 1301 c02c c030 009f cca9 cca8 ccaa c02b c02f 009e c024 c028 006b c023 c027 0067 c00a c014 0039 c009 c013 0033 009d 009c 003d 003c 0035 002f | Q92: 0304 0303 | R92: violation | S92: violation | T92: =K92=E92 | U92: =L92=F92 | V92: =IF(N92,EXACT(P92,G92),"") | W92: =IF(O92,EXACT(Q92,H92),"") | X92: =J92=C92 | Y92: =IF(R92="unknown","",R92=S92) | Z92: A | AA92: A | AB92: =AND(N92,O92,A92<>"census-mixed") | AC92: =IF(AB92,Z92=AA92,"")
A93: census | B93: curl 8.22 (OpenSSL 3.5.8) | C93: skb-eval-8352-c5092 | D93: 5092 | E93: 1561 | F93: 771 | G93: 1302 1303 1301 c02c c030 009f cca9 cca8 ccaa c02b c02f 009e c024 c028 006b c023 c027 0067 c00a c014 0039 c009 c013 0033 009d 009c 003d 003c 0035 002f | H93: 0304 0303 | I93: 1 | J93: skb-eval-8352-c5092 | K93: 1561 | L93: 771 | M93: 1443 | N93: TRUE | O93: TRUE | P93: 1302 1303 1301 c02c c030 009f cca9 cca8 ccaa c02b c02f 009e c024 c028 006b c023 c027 0067 c00a c014 0039 c009 c013 0033 009d 009c 003d 003c 0035 002f | Q93: 0304 0303 | R93: violation | S93: violation | T93: =K93=E93 | U93: =L93=F93 | V93: =IF(N93,EXACT(P93,G93),"") | W93: =IF(O93,EXACT(Q93,H93),"") | X93: =J93=C93 | Y93: =IF(R93="unknown","",R93=S93) | Z93: A | AA93: A | AB93: =AND(N93,O93,A93<>"census-mixed") | AC93: =IF(AB93,Z93=AA93,"")
A94: census | B94: curl 8.22 (OpenSSL 3.5.8) | C94: skb-eval-8352-c5093 | D94: 5093 | E94: 1561 | F94: 771 | G94: 1302 1303 1301 c02c c030 009f cca9 cca8 ccaa c02b c02f 009e c024 c028 006b c023 c027 0067 c00a c014 0039 c009 c013 0033 009d 009c 003d 003c 0035 002f | H94: 0304 0303 | I94: 1 | J94: skb-eval-8352-c5093 | K94: 1561 | L94: 771 | M94: 1443 | N94: TRUE | O94: TRUE | P94: 1302 1303 1301 c02c c030 009f cca9 cca8 ccaa c02b c02f 009e c024 c028 006b c023 c027 0067 c00a c014 0039 c009 c013 0033 009d 009c 003d 003c 0035 002f | Q94: 0304 0303 | R94: violation | S94: violation | T94: =K94=E94 | U94: =L94=F94 | V94: =IF(N94,EXACT(P94,G94),"") | W94: =IF(O94,EXACT(Q94,H94),"") | X94: =J94=C94 | Y94: =IF(R94="unknown","",R94=S94) | Z94: A | AA94: A | AB94: =AND(N94,O94,A94<>"census-mixed") | AC94: =IF(AB94,Z94=AA94,"")
A95: census | B95: curl 8.22 (OpenSSL 3.5.8) | C95: skb-eval-8352-c5094 | D95: 5094 | E95: 1561 | F95: 771 | G95: 1302 1303 1301 c02c c030 009f cca9 cca8 ccaa c02b c02f 009e c024 c028 006b c023 c027 0067 c00a c014 0039 c009 c013 0033 009d 009c 003d 003c 0035 002f | H95: 0304 0303 | I95: 1 | J95: skb-eval-8352-c5094 | K95: 1561 | L95: 771 | M95: 1443 | N95: TRUE | O95: TRUE | P95: 1302 1303 1301 c02c c030 009f cca9 cca8 ccaa c02b c02f 009e c024 c028 006b c023 c027 0067 c00a c014 0039 c009 c013 0033 009d 009c 003d 003c 0035 002f | Q95: 0304 0303 | R95: violation | S95: violation | T95: =K95=E95 | U95: =L95=F95 | V95: =IF(N95,EXACT(P95,G95),"") | W95: =IF(O95,EXACT(Q95,H95),"") | X95: =J95=C95 | Y95: =IF(R95="unknown","",R95=S95) | Z95: A | AA95: A | AB95: =AND(N95,O95,A95<>"census-mixed") | AC95: =IF(AB95,Z95=AA95,"")
A96: census | B96: curl 8.22 (OpenSSL 3.5.8) | C96: skb-eval-8352-c5095 | D96: 5095 | E96: 1561 | F96: 771 | G96: 1302 1303 1301 c02c c030 009f cca9 cca8 ccaa c02b c02f 009e c024 c028 006b c023 c027 0067 c00a c014 0039 c009 c013 0033 009d 009c 003d 003c 0035 002f | H96: 0304 0303 | I96: 1 | J96: skb-eval-8352-c5095 | K96: 1561 | L96: 771 | M96: 1443 | N96: TRUE | O96: TRUE | P96: 1302 1303 1301 c02c c030 009f cca9 cca8 ccaa c02b c02f 009e c024 c028 006b c023 c027 0067 c00a c014 0039 c009 c013 0033 009d 009c 003d 003c 0035 002f | Q96: 0304 0303 | R96: violation | S96: violation | T96: =K96=E96 | U96: =L96=F96 | V96: =IF(N96,EXACT(P96,G96),"") | W96: =IF(O96,EXACT(Q96,H96),"") | X96: =J96=C96 | Y96: =IF(R96="unknown","",R96=S96) | Z96: A | AA96: A | AB96: =AND(N96,O96,A96<>"census-mixed") | AC96: =IF(AB96,Z96=AA96,"")
A97: census | B97: curl 8.22 (OpenSSL 3.5.8) | C97: skb-eval-8352-c5096 | D97: 5096 | E97: 1561 | F97: 771 | G97: 1302 1303 1301 c02c c030 009f cca9 cca8 ccaa c02b c02f 009e c024 c028 006b c023 c027 0067 c00a c014 0039 c009 c013 0033 009d 009c 003d 003c 0035 002f | H97: 0304 0303 | I97: 1 | J97: skb-eval-8352-c5096 | K97: 1561 | L97: 771 | M97: 1443 | N97: TRUE | O97: TRUE | P97: 1302 1303 1301 c02c c030 009f cca9 cca8 ccaa c02b c02f 009e c024 c028 006b c023 c027 0067 c00a c014 0039 c009 c013 0033 009d 009c 003d 003c 0035 002f | Q97: 0304 0303 | R97: violation | S97: violation | T97: =K97=E97 | U97: =L97=F97 | V97: =IF(N97,EXACT(P97,G97),"") | W97: =IF(O97,EXACT(Q97,H97),"") | X97: =J97=C97 | Y97: =IF(R97="unknown","",R97=S97) | Z97: A | AA97: A | AB97: =AND(N97,O97,A97<>"census-mixed") | AC97: =IF(AB97,Z97=AA97,"")
A98: census | B98: curl 8.22 (OpenSSL 3.5.8) | C98: skb-eval-8352-c5097 | D98: 5097 | E98: 1561 | F98: 771 | G98: 1302 1303 1301 c02c c030 009f cca9 cca8 ccaa c02b c02f 009e c024 c028 006b c023 c027 0067 c00a c014 0039 c009 c013 0033 009d 009c 003d 003c 0035 002f | H98: 0304 0303 | I98: 1 | J98: skb-eval-8352-c5097 | K98: 1561 | L98: 771 | M98: 1443 | N98: TRUE | O98: TRUE | P98: 1302 1303 1301 c02c c030 009f cca9 cca8 ccaa c02b c02f 009e c024 c028 006b c023 c027 0067 c00a c014 0039 c009 c013 0033 009d 009c 003d 003c 0035 002f | Q98: 0304 0303 | R98: violation | S98: violation | T98: =K98=E98 | U98: =L98=F98 | V98: =IF(N98,EXACT(P98,G98),"") | W98: =IF(O98,EXACT(Q98,H98),"") | X98: =J98=C98 | Y98: =IF(R98="unknown","",R98=S98) | Z98: A | AA98: A | AB98: =AND(N98,O98,A98<>"census-mixed") | AC98: =IF(AB98,Z98=AA98,"")
A99: census | B99: curl 8.22 (OpenSSL 3.5.8) | C99: skb-eval-8352-c5098 | D99: 5098 | E99: 1561 | F99: 771 | G99: 1302 1303 1301 c02c c030 009f cca9 cca8 ccaa c02b c02f 009e c024 c028 006b c023 c027 0067 c00a c014 0039 c009 c013 0033 009d 009c 003d 003c 0035 002f | H99: 0304 0303 | I99: 1 | J99: skb-eval-8352-c5098 | K99: 1561 | L99: 771 | M99: 1443 | N99: TRUE | O99: TRUE | P99: 1302 1303 1301 c02c c030 009f cca9 cca8 ccaa c02b c02f 009e c024 c028 006b c023 c027 0067 c00a c014 0039 c009 c013 0033 009d 009c 003d 003c 0035 002f | Q99: 0304 0303 | R99: violation | S99: violation | T99: =K99=E99 | U99: =L99=F99 | V99: =IF(N99,EXACT(P99,G99),"") | W99: =IF(O99,EXACT(Q99,H99),"") | X99: =J99=C99 | Y99: =IF(R99="unknown","",R99=S99) | Z99: A | AA99: A | AB99: =AND(N99,O99,A99<>"census-mixed") | AC99: =IF(AB99,Z99=AA99,"")
A100: census | B100: curl 8.22 (OpenSSL 3.5.8) | C100: skb-eval-8352-c5099 | D100: 5099 | E100: 1561 | F100: 771 | G100: 1302 1303 1301 c02c c030 009f cca9 cca8 ccaa c02b c02f 009e c024 c028 006b c023 c027 0067 c00a c014 0039 c009 c013 0033 009d 009c 003d 003c 0035 002f | H100: 0304 0303 | I100: 1 | J100: skb-eval-8352-c5099 | K100: 1561 | L100: 771 | M100: 1443 | N100: TRUE | O100: TRUE | P100: 1302 1303 1301 c02c c030 009f cca9 cca8 ccaa c02b c02f 009e c024 c028 006b c023 c027 0067 c00a c014 0039 c009 c013 0033 009d 009c 003d 003c 0035 002f | Q100: 0304 0303 | R100: violation | S100: violation | T100: =K100=E100 | U100: =L100=F100 | V100: =IF(N100,EXACT(P100,G100),"") | W100: =IF(O100,EXACT(Q100,H100),"") | X100: =J100=C100 | Y100: =IF(R100="unknown","",R100=S100) | Z100: A | AA100: A | AB100: =AND(N100,O100,A100<>"census-mixed") | AC100: =IF(AB100,Z100=AA100,"")
A101: census | B101: curl 8.22 (OpenSSL 3.5.8) | C101: skb-eval-8352-c5100 | D101: 5100 | E101: 1561 | F101: 771 | G101: 1302 1303 1301 c02c c030 009f cca9 cca8 ccaa c02b c02f 009e c024 c028 006b c023 c027 0067 c00a c014 0039 c009 c013 0033 009d 009c 003d 003c 0035 002f | H101: 0304 0303 | I101: 1 | J101: skb-eval-8352-c5100 | K101: 1561 | L101: 771 | M101: 1443 | N101: TRUE | O101: TRUE | P101: 1302 1303 1301 c02c c030 009f cca9 cca8 ccaa c02b c02f 009e c024 c028 006b c023 c027 0067 c00a c014 0039 c009 c013 0033 009d 009c 003d 003c 0035 002f | Q101: 0304 0303 | R101: violation | S101: violation | T101: =K101=E101 | U101: =L101=F101 | V101: =IF(N101,EXACT(P101,G101),"") | W101: =IF(O101,EXACT(Q101,H101),"") | X101: =J101=C101 | Y101: =IF(R101="unknown","",R101=S101) | Z101: A | AA101: A | AB101: =AND(N101,O101,A101<>"census-mixed") | AC101: =IF(AB101,Z101=AA101,"")
A102: census | B102: python 3.14 urllib (OpenSSL 3.5.8) | C102: skb-eval-8352-c5101 | D102: 5101 | E102: 1517 | F102: 771 | G102: 1302 1303 1301 c02c c030 c02b c02f cca9 cca8 c024 c028 c023 c027 009f 009e 006b 0067 | H102: 0304 0303 | I102: 1 | J102: skb-eval-8352-c5101 | K102: 1517 | L102: 771 | M102: 1443 | N102: TRUE | O102: TRUE | P102: 1302 1303 1301 c02c c030 c02b c02f cca9 cca8 c024 c028 c023 c027 009f 009e 006b 0067 | Q102: 0304 0303 | R102: violation | S102: violation | T102: =K102=E102 | U102: =L102=F102 | V102: =IF(N102,EXACT(P102,G102),"") | W102: =IF(O102,EXACT(Q102,H102),"") | X102: =J102=C102 | Y102: =IF(R102="unknown","",R102=S102) | Z102: A | AA102: A | AB102: =AND(N102,O102,A102<>"census-mixed") | AC102: =IF(AB102,Z102=AA102,"")
A103: census | B103: python 3.14 urllib (OpenSSL 3.5.8) | C103: skb-eval-8352-c5102 | D103: 5102 | E103: 1517 | F103: 771 | G103: 1302 1303 1301 c02c c030 c02b c02f cca9 cca8 c024 c028 c023 c027 009f 009e 006b 0067 | H103: 0304 0303 | I103: 1 | J103: skb-eval-8352-c5102 | K103: 1517 | L103: 771 | M103: 1443 | N103: TRUE | O103: TRUE | P103: 1302 1303 1301 c02c c030 c02b c02f cca9 cca8 c024 c028 c023 c027 009f 009e 006b 0067 | Q103: 0304 0303 | R103: violation | S103: violation | T103: =K103=E103 | U103: =L103=F103 | V103: =IF(N103,EXACT(P103,G103),"") | W103: =IF(O103,EXACT(Q103,H103),"") | X103: =J103=C103 | Y103: =IF(R103="unknown","",R103=S103) | Z103: A | AA103: A | AB103: =AND(N103,O103,A103<>"census-mixed") | AC103: =IF(AB103,Z103=AA103,"")
... A141: census | B141: browser chrome116 | C141: skb-eval-8352-c5140 | D141: 5140 | E141: 512 | F141: 771 | G141: 1a1a 1301 1302 1303 c02b c02f c02c c030 cca9 cca8 c013 c014 009c 009d 002f 0035 | H141: dada 0304 0303 | I141: 1 | J141: skb-eval-8352-c5140 | K141: 512 | L141: 771 | M141: 512 | N141: TRUE | O141: TRUE | P141: 1a1a 1301 1302 1303 c02b c02f c02c c030 cca9 cca8 c013 c014 009c 009d 002f 0035 | Q141: dada 0304 0303 | R141: violation | S141: violation | T141: =K141=E141 | U141: =L141=F141 | V141: =IF(N141,EXACT(P141,G141),"") | W141: =IF(O141,EXACT(Q141,H141),"") | X141: =J141=C141 | Y141: =IF(R141="unknown","",R141=S141) | Z141: A | AA141: A | AB141: =AND(N141,O141,A141<>"census-mixed") | AC141: =IF(AB141,Z141=AA141,"")
A142: census | B142: browser chrome124 | C142: skb-eval-8352-c5141 | D142: 5141 | E142: 1784 | F142: 771 | G142: eaea 1301 1302 1303 c02b c02f c02c c030 cca9 cca8 c013 c014 009c 009d 002f 0035 | H142: 0a0a 0304 0303 | I142: 1 | J142: skb-eval-8352-c5141 | K142: 1784 | L142: 771 | M142: 1443 | N142: TRUE | O142: FALSE | P142: eaea 1301 1302 1303 c02b c02f c02c c030 cca9 cca8 c013 c014 009c 009d 002f 0035 | R142: violation | S142: violation | T142: =K142=E142 | U142: =L142=F142 | V142: =IF(N142,EXACT(P142,G142),"") | W142: =IF(O142,EXACT(Q142,H142),"") | X142: =J142=C142 | Y142: =IF(R142="unknown","",R142=S142) | Z142: A | AA142: A | AB142: =AND(N142,O142,A142<>"census-mixed") | AC142: =IF(AB142,Z142=AA142,"")
A143: census | B143: browser chrome124 | C143: skb-eval-8352-c5142 | D143: 5142 | E143: 1784 | F143: 771 | G143: caca 1301 1302 1303 c02b c02f c02c c030 cca9 cca8 c013 c014 009c 009d 002f 0035 | H143: dada 0304 0303 | I143: 1 | J143: skb-eval-8352-c5142 | K143: 1784 | L143: 771 | M143: 1443 | N143: TRUE | O143: FALSE | P143: caca 1301 1302 1303 c02b c02f c02c c030 cca9 cca8 c013 c014 009c 009d 002f 0035 | R143: violation | S143: violation | T143: =K143=E143 | U143: =L143=F143 | V143: =IF(N143,EXACT(P143,G143),"") | W143: =IF(O143,EXACT(Q143,H143),"") | X143: =J143=C143 | Y143: =IF(R143="unknown","",R143=S143) | Z143: A | AA143: A | AB143: =AND(N143,O143,A143<>"census-mixed") | AC143: =IF(AB143,Z143=AA143,"")
A144: census | B144: browser chrome124 | C144: skb-eval-8352-c5143 | D144: 5143 | E144: 1720 | F144: 771 | G144: 2a2a 1301 1302 1303 c02b c02f c02c c030 cca9 cca8 c013 c014 009c 009d 002f 0035 | H144: 2a2a 0304 0303 | I144: 1 | J144: skb-eval-8352-c5143 | K144: 1720 | L144: 771 | M144: 1443 | N144: TRUE | O144: TRUE | P144: 2a2a 1301 1302 1303 c02b c02f c02c c030 cca9 cca8 c013 c014 009c 009d 002f 0035 | Q144: 2a2a 0304 0303 | R144: violation | S144: violation | T144: =K144=E144 | U144: =L144=F144 | V144: =IF(N144,EXACT(P144,G144),"") | W144: =IF(O144,EXACT(Q144,H144),"") | X144: =J144=C144 | Y144: =IF(R144="unknown","",R144=S144) | Z144: A | AA144: A | AB144: =AND(N144,O144,A144<>"census-mixed") | AC144: =IF(AB144,Z144=AA144,"")
A145: census | B145: browser chrome124 | C145: skb-eval-8352-c5144 | D145: 5144 | E145: 1720 | F145: 771 | G145: 0a0a 1301 1302 1303 c02b c02f c02c c030 cca9 cca8 c013 c014 009c 009d 002f 0035 | H145: 0a0a 0304 0303 | I145: 1 | J145: skb-eval-8352-c5144 | K145: 1720 | L145: 771 | M145: 1443 | N145: TRUE | O145: FALSE | P145: 0a0a 1301 1302 1303 c02b c02f c02c c030 cca9 cca8 c013 c014 009c 009d 002f 0035 | R145: violation | S145: violation | T145: =K145=E145 | U145: =L145=F145 | V145: =IF(N145,EXACT(P145,G145),"") | W145: =IF(O145,EXACT(Q145,H145),"") | X145: =J145=C145 | Y145: =IF(R145="unknown","",R145=S145) | Z145: A | AA145: A | AB145: =AND(N145,O145,A145<>"census-mixed") | AC145: =IF(AB145,Z145=AA145,"")
A146: census | B146: browser chrome124 | C146: skb-eval-8352-c5145 | D146: 5145 | E146: 1720 | F146: 771 | G146: fafa 1301 1302 1303 c02b c02f c02c c030 cca9 cca8 c013 c014 009c 009d 002f 0035 | H146: 8a8a 0304 0303 | I146: 1 | J146: skb-eval-8352-c5145 | K146: 1720 | L146: 771 | M146: 1443 | N146: TRUE | O146: TRUE | P146: fafa 1301 1302 1303 c02b c02f c02c c030 cca9 cca8 c013 c014 009c 009d 002f 0035 | Q146: 8a8a 0304 0303 | R146: violation | S146: violation | T146: =K146=E146 | U146: =L146=F146 | V146: =IF(N146,EXACT(P146,G146),"") | W146: =IF(O146,EXACT(Q146,H146),"") | X146: =J146=C146 | Y146: =IF(R146="unknown","",R146=S146) | Z146: A | AA146: A | AB146: =AND(N146,O146,A146<>"census-mixed") | AC146: =IF(AB146,Z146=AA146,"")
A147: census | B147: browser chrome124 | C147: skb-eval-8352-c5146 | D147: 5146 | E147: 1720 | F147: 771 | G147: 7a7a 1301 1302 1303 c02b c02f c02c c030 cca9 cca8 c013 c014 009c 009d 002f 0035 | H147: baba 0304 0303 | I147: 1 | J147: skb-eval-8352-c5146 | K147: 1720 | L147: 771 | M147: 1443 | N147: TRUE | O147: FALSE | P147: 7a7a 1301 1302 1303 c02b c02f c02c c030 cca9 cca8 c013 c014 009c 009d 002f 0035 | R147: violation | S147: violation | T147: =K147=E147 | U147: =L147=F147 | V147: =IF(N147,EXACT(P147,G147),"") | W147: =IF(O147,EXACT(Q147,H147),"") | X147: =J147=C147 | Y147: =IF(R147="unknown","",R147=S147) | Z147: A | AA147: A | AB147: =AND(N147,O147,A147<>"census-mixed") | AC147: =IF(AB147,Z147=AA147,"")
A148: census | B148: browser chrome124 | C148: skb-eval-8352-c5147 | D148: 5147 | E148: 1816 | F148: 771 | G148: 0a0a 1301 1302 1303 c02b c02f c02c c030 cca9 cca8 c013 c014 009c 009d 002f 0035 | H148: fafa 0304 0303 | I148: 1 | J148: skb-eval-8352-c5147 | K148: 1816 | L148: 771 | M148: 1443 | N148: TRUE | O148: FALSE | P148: 0a0a 1301 1302 1303 c02b c02f c02c c030 cca9 cca8 c013 c014 009c 009d 002f 0035 | R148: violation | S148: violation | T148: =K148=E148 | U148: =L148=F148 | V148: =IF(N148,EXACT(P148,G148),"") | W148: =IF(O148,EXACT(Q148,H148),"") | X148: =J148=C148 | Y148: =IF(R148="unknown","",R148=S148) | Z148: A | AA148: A | AB148: =AND(N148,O148,A148<>"census-mixed") | AC148: =IF(AB148,Z148=AA148,"")
A149: census | B149: browser chrome124 | C149: skb-eval-8352-c5148 | D149: 5148 | E149: 1752 | F149: 771 | G149: aaaa 1301 1302 1303 c02b c02f c02c c030 cca9 cca8 c013 c014 009c 009d 002f 0035 | H149: fafa 0304 0303 | I149: 1 | J149: skb-eval-8352-c5148 | K149: 1752 | L149: 771 | M149: 1443 | N149: TRUE | O149: FALSE | P149: aaaa 1301 1302 1303 c02b c02f c02c c030 cca9 cca8 c013 c014 009c 009d 002f 0035 | R149: violation | S149: violation | T149: =K149=E149 | U149: =L149=F149 | V149: =IF(N149,EXACT(P149,G149),"") | W149: =IF(O149,EXACT(Q149,H149),"") | X149: =J149=C149 | Y149: =IF(R149="unknown","",R149=S149) | Z149: A | AA149: A | AB149: =AND(N149,O149,A149<>"census-mixed") | AC149: =IF(AB149,Z149=AA149,"")
A150: census | B150: browser chrome124 | C150: skb-eval-8352-c5149 | D150: 5149 | E150: 1720 | F150: 771 | G150: aaaa 1301 1302 1303 c02b c02f c02c c030 cca9 cca8 c013 c014 009c 009d 002f 0035 | H150: caca 0304 0303 | I150: 1 | J150: skb-eval-8352-c5149 | K150: 1720 | L150: 771 | M150: 1443 | N150: TRUE | O150: TRUE | P150: aaaa 1301 1302 1303 c02b c02f c02c c030 cca9 cca8 c013 c014 009c 009d 002f 0035 | Q150: caca 0304 0303 | R150: violation | S150: violation | T150: =K150=E150 | U150: =L150=F150 | V150: =IF(N150,EXACT(P150,G150),"") | W150: =IF(O150,EXACT(Q150,H150),"") | X150: =J150=C150 | Y150: =IF(R150="unknown","",R150=S150) | Z150: A | AA150: A | AB150: =AND(N150,O150,A150<>"census-mixed") | AC150: =IF(AB150,Z150=AA150,"")
A151: census | B151: browser chrome124 | C151: skb-eval-8352-c5150 | D151: 5150 | E151: 1752 | F151: 771 | G151: 3a3a 1301 1302 1303 c02b c02f c02c c030 cca9 cca8 c013 c014 009c 009d 002f 0035 | H151: 2a2a 0304 0303 | I151: 1 | J151: skb-eval-8352-c5150 | K151: 1752 | L151: 771 | M151: 1443 | N151: TRUE | O151: TRUE | P151: 3a3a 1301 1302 1303 c02b c02f c02c c030 cca9 cca8 c013 c014 009c 009d 002f 0035 | Q151: 2a2a 0304 0303 | R151: violation | S151: violation | T151: =K151=E151 | U151: =L151=F151 | V151: =IF(N151,EXACT(P151,G151),"") | W151: =IF(O151,EXACT(Q151,H151),"") | X151: =J151=C151 | Y151: =IF(R151="unknown","",R151=S151) | Z151: A | AA151: A | AB151: =AND(N151,O151,A151<>"census-mixed") | AC151: =IF(AB151,Z151=AA151,"")
A152: census | B152: browser chrome131 | C152: skb-eval-8352-c5151 | D152: 5151 | E152: 1720 | F152: 771 | G152: 3a3a 1301 1302 1303 c02b c02f c02c c030 cca9 cca8 c013 c014 009c 009d 002f 0035 | H152: 0a0a 0304 0303 | I152: 1 | J152: skb-eval-8352-c5151 | K152: 1720 | L152: 771 | M152: 1443 | N152: TRUE | O152: TRUE | P152: 3a3a 1301 1302 1303 c02b c02f c02c c030 cca9 cca8 c013 c014 009c 009d 002f 0035 | Q152: 0a0a 0304 0303 | R152: violation | S152: violation | T152: =K152=E152 | U152: =L152=F152 | V152: =IF(N152,EXACT(P152,G152),"") | W152: =IF(O152,EXACT(Q152,H152),"") | X152: =J152=C152 | Y152: =IF(R152="unknown","",R152=S152) | Z152: A | AA152: A | AB152: =AND(N152,O152,A152<>"census-mixed") | AC152: =IF(AB152,Z152=AA152,"")
A153: census | B153: browser chrome131 | C153: skb-eval-8352-c5152 | D153: 5152 | E153: 1784 | F153: 771 | G153: 0a0a 1301 1302 1303 c02b c02f c02c c030 cca9 cca8 c013 c014 009c 009d 002f 0035 | H153: 5a5a 0304 0303 | I153: 1 | J153: skb-eval-8352-c5152 | K153: 1784 | L153: 771 | M153: 1443 | N153: TRUE | O153: FALSE | P153: 0a0a 1301 1302 1303 c02b c02f c02c c030 cca9 cca8 c013 c014 009c 009d 002f 0035 | R153: violation | S153: violation | T153: =K153=E153 | U153: =L153=F153 | V153: =IF(N153,EXACT(P153,G153),"") | W153: =IF(O153,EXACT(Q153,H153),"") | X153: =J153=C153 | Y153: =IF(R153="unknown","",R153=S153) | Z153: A | AA153: A | AB153: =AND(N153,O153,A153<>"census-mixed") | AC153: =IF(AB153,Z153=AA153,"")
A154: census | B154: browser chrome131 | C154: skb-eval-8352-c5153 | D154: 5153 | E154: 1752 | F154: 771 | G154: 3a3a 1301 1302 1303 c02b c02f c02c c030 cca9 cca8 c013 c014 009c 009d 002f 0035 | H154: 6a6a 0304 0303 | I154: 1 | J154: skb-eval-8352-c5153 | K154: 1752 | L154: 771 | M154: 1443 | N154: TRUE | O154: TRUE | P154: 3a3a 1301 1302 1303 c02b c02f c02c c030 cca9 cca8 c013 c014 009c 009d 002f 0035 | Q154: 6a6a 0304 0303 | R154: violation | S154: violation | T154: =K154=E154 | U154: =L154=F154 | V154: =IF(N154,EXACT(P154,G154),"") | W154: =IF(O154,EXACT(Q154,H154),"") | X154: =J154=C154 | Y154: =IF(R154="unknown","",R154=S154) | Z154: A | AA154: A | AB154: =AND(N154,O154,A154<>"census-mixed") | AC154: =IF(AB154,Z154=AA154,"")
A155: census | B155: browser chrome131 | C155: skb-eval-8352-c5154 | D155: 5154 | E155: 1784 | F155: 771 | G155: caca 1301 1302 1303 c02b c02f c02c c030 cca9 cca8 c013 c014 009c 009d 002f 0035 | H155: fafa 0304 0303 | I155: 1 | J155: skb-eval-8352-c5154 | K155: 1784 | L155: 771 | M155: 1443 | N155: TRUE | O155: TRUE | P155: caca 1301 1302 1303 c02b c02f c02c c030 cca9 cca8 c013 c014 009c 009d 002f 0035 | Q155: fafa 0304 0303 | R155: violation | S155: violation | T155: =K155=E155 | U155: =L155=F155 | V155: =IF(N155,EXACT(P155,G155),"") | W155: =IF(O155,EXACT(Q155,H155),"") | X155: =J155=C155 | Y155: =IF(R155="unknown","",R155=S155) | Z155: A | AA155: A | AB155: =AND(N155,O155,A155<>"census-mixed") | AC155: =IF(AB155,Z155=AA155,"")
A156: census | B156: browser chrome131 | C156: skb-eval-8352-c5155 | D156: 5155 | E156: 1720 | F156: 771 | G156: 3a3a 1301 1302 1303 c02b c02f c02c c030 cca9 cca8 c013 c014 009c 009d 002f 0035 | H156: 0a0a 0304 0303 | I156: 1 | J156: skb-eval-8352-c5155 | K156: 1720 | L156: 771 | M156: 1443 | N156: TRUE | O156: FALSE | P156: 3a3a 1301 1302 1303 c02b c02f c02c c030 cca9 cca8 c013 c014 009c 009d 002f 0035 | Q156: 0a0a 0304 | R156: violation | S156: violation | T156: =K156=E156 | U156: =L156=F156 | V156: =IF(N156,EXACT(P156,G156),"") | W156: =IF(O156,EXACT(Q156,H156),"") | X156: =J156=C156 | Y156: =IF(R156="unknown","",R156=S156) | Z156: A | AA156: A | AB156: =AND(N156,O156,A156<>"census-mixed") | AC156: =IF(AB156,Z156=AA156,"")
A157: census | B157: browser chrome131 | C157: skb-eval-8352-c5156 | D157: 5156 | E157: 1720 | F157: 771 | G157: eaea 1301 1302 1303 c02b c02f c02c c030 cca9 cca8 c013 c014 009c 009d 002f 0035 | H157: aaaa 0304 0303 | I157: 1 | J157: skb-eval-8352-c5156 | K157: 1720 | L157: 771 | M157: 1443 | N157: TRUE | O157: FALSE | P157: eaea 1301 1302 1303 c02b c02f c02c c030 cca9 cca8 c013 c014 009c 009d 002f 0035 | R157: violation | S157: violation | T157: =K157=E157 | U157: =L157=F157 | V157: =IF(N157,EXACT(P157,G157),"") | W157: =IF(O157,EXACT(Q157,H157),"") | X157: =J157=C157 | Y157: =IF(R157="unknown","",R157=S157) | Z157: A | AA157: A | AB157: =AND(N157,O157,A157<>"census-mixed") | AC157: =IF(AB157,Z157=AA157,"")
A158: census | B158: browser chrome131 | C158: skb-eval-8352-c5157 | D158: 5157 | E158: 1784 | F158: 771 | G158: 7a7a 1301 1302 1303 c02b c02f c02c c030 cca9 cca8 c013 c014 009c 009d 002f 0035 | H158: 0a0a 0304 0303 | I158: 1 | J158: skb-eval-8352-c5157 | K158: 1784 | L158: 771 | M158: 1443 | N158: TRUE | O158: TRUE | P158: 7a7a 1301 1302 1303 c02b c02f c02c c030 cca9 cca8 c013 c014 009c 009d 002f 0035 | Q158: 0a0a 0304 0303 | R158: violation | S158: violation | T158: =K158=E158 | U158: =L158=F158 | V158: =IF(N158,EXACT(P158,G158),"") | W158: =IF(O158,EXACT(Q158,H158),"") | X158: =J158=C158 | Y158: =IF(R158="unknown","",R158=S158) | Z158: A | AA158: A | AB158: =AND(N158,O158,A158<>"census-mixed") | AC158: =IF(AB158,Z158=AA158,"")
A159: census | B159: browser chrome131 | C159: skb-eval-8352-c5158 | D159: 5158 | E159: 1816 | F159: 771 | G159: aaaa 1301 1302 1303 c02b c02f c02c c030 cca9 cca8 c013 c014 009c 009d 002f 0035 | H159: 7a7a 0304 0303 | I159: 1 | J159: skb-eval-8352-c5158 | K159: 1816 | L159: 771 | M159: 1443 | N159: TRUE | O159: TRUE | P159: aaaa 1301 1302 1303 c02b c02f c02c c030 cca9 cca8 c013 c014 009c 009d 002f 0035 | Q159: 7a7a 0304 0303 | R159: violation | S159: violation | T159: =K159=E159 | U159: =L159=F159 | V159: =IF(N159,EXACT(P159,G159),"") | W159: =IF(O159,EXACT(Q159,H159),"") | X159: =J159=C159 | Y159: =IF(R159="unknown","",R159=S159) | Z159: A | AA159: A | AB159: =AND(N159,O159,A159<>"census-mixed") | AC159: =IF(AB159,Z159=AA159,"")
A160: census | B160: browser chrome131 | C160: skb-eval-8352-c5159 | D160: 5159 | E160: 1784 | F160: 771 | G160: aaaa 1301 1302 1303 c02b c02f c02c c030 cca9 cca8 c013 c014 009c 009d 002f 0035 | H160: baba 0304 0303 | I160: 1 | J160: skb-eval-8352-c5159 | K160: 1784 | L160: 771 | M160: 1443 | N160: TRUE | O160: TRUE | P160: aaaa 1301 1302 1303 c02b c02f c02c c030 cca9 cca8 c013 c014 009c 009d 002f 0035 | Q160: baba 0304 0303 | R160: violation | S160: violation | T160: =K160=E160 | U160: =L160=F160 | V160: =IF(N160,EXACT(P160,G160),"") | W160: =IF(O160,EXACT(Q160,H160),"") | X160: =J160=C160 | Y160: =IF(R160="unknown","",R160=S160) | Z160: A | AA160: A | AB160: =AND(N160,O160,A160<>"census-mixed") | AC160: =IF(AB160,Z160=AA160,"")
A161: census | B161: browser chrome131 | C161: skb-eval-8352-c5160 | D161: 5160 | E161: 1752 | F161: 771 | G161: 6a6a 1301 1302 1303 c02b c02f c02c c030 cca9 cca8 c013 c014 009c 009d 002f 0035 | H161: 3a3a 0304 0303 | I161: 1 | J161: skb-eval-8352-c5160 | K161: 1752 | L161: 771 | M161: 1443 | N161: TRUE | O161: TRUE | P161: 6a6a 1301 1302 1303 c02b c02f c02c c030 cca9 cca8 c013 c014 009c 009d 002f 0035 | Q161: 3a3a 0304 0303 | R161: violation | S161: violation | T161: =K161=E161 | U161: =L161=F161 | V161: =IF(N161,EXACT(P161,G161),"") | W161: =IF(O161,EXACT(Q161,H161),"") | X161: =J161=C161 | Y161: =IF(R161="unknown","",R161=S161) | Z161: A | AA161: A | AB161: =AND(N161,O161,A161<>"census-mixed") | AC161: =IF(AB161,Z161=AA161,"")
A162: census | B162: browser chrome150 | C162: skb-eval-8352-c5161 | D162: 5161 | E162: 1822 | F162: 771 | G162: 0a0a 1301 1302 1303 c02b c02f c02c c030 cca9 cca8 c013 c014 009c 009d 002f 0035 | H162: 5a5a 0304 0303 | I162: 1 | J162: skb-eval-8352-c5161 | K162: 1822 | L162: 771 | M162: 1443 | N162: TRUE | O162: TRUE | P162: 0a0a 1301 1302 1303 c02b c02f c02c c030 cca9 cca8 c013 c014 009c 009d 002f 0035 | Q162: 5a5a 0304 0303 | R162: violation | S162: violation | T162: =K162=E162 | U162: =L162=F162 | V162: =IF(N162,EXACT(P162,G162),"") | W162: =IF(O162,EXACT(Q162,H162),"") | X162: =J162=C162 | Y162: =IF(R162="unknown","",R162=S162) | Z162: A | AA162: A | AB162: =AND(N162,O162,A162<>"census-mixed") | AC162: =IF(AB162,Z162=AA162,"")
A163: census | B163: browser chrome150 | C163: skb-eval-8352-c5162 | D163: 5162 | E163: 1822 | F163: 771 | G163: caca 1301 1302 1303 c02b c02f c02c c030 cca9 cca8 c013 c014 009c 009d 002f 0035 | H163: 4a4a 0304 0303 | I163: 1 | J163: skb-eval-8352-c5162 | K163: 1822 | L163: 771 | M163: 1443 | N163: TRUE | O163: TRUE | P163: caca 1301 1302 1303 c02b c02f c02c c030 cca9 cca8 c013 c014 009c 009d 002f 0035 | Q163: 4a4a 0304 0303 | R163: violation | S163: violation | T163: =K163=E163 | U163: =L163=F163 | V163: =IF(N163,EXACT(P163,G163),"") | W163: =IF(O163,EXACT(Q163,H163),"") | X163: =J163=C163 | Y163: =IF(R163="unknown","",R163=S163) | Z163: A | AA163: A | AB163: =AND(N163,O163,A163<>"census-mixed") | AC163: =IF(AB163,Z163=AA163,"")
A164: census | B164: browser chrome150 | C164: skb-eval-8352-c5163 | D164: 5163 | E164: 1790 | F164: 771 | G164: dada 1301 1302 1303 c02b c02f c02c c030 cca9 cca8 c013 c014 009c 009d 002f 0035 | H164: 9a9a 0304 0303 | I164: 1 | J164: skb-eval-8352-c5163 | K164: 1790 | L164: 771 | M164: 1443 | N164: TRUE | O164: FALSE | P164: dada 1301 1302 1303 c02b c02f c02c c030 cca9 cca8 c013 c014 009c 009d 002f 0035 | Q164: 9a9a | R164: violation | S164: violation | T164: =K164=E164 | U164: =L164=F164 | V164: =IF(N164,EXACT(P164,G164),"") | W164: =IF(O164,EXACT(Q164,H164),"") | X164: =J164=C164 | Y164: =IF(R164="unknown","",R164=S164) | Z164: A | AA164: A | AB164: =AND(N164,O164,A164<>"census-mixed") | AC164: =IF(AB164,Z164=AA164,"")
A165: census | B165: browser chrome150 | C165: skb-eval-8352-c5164 | D165: 5164 | E165: 1822 | F165: 771 | G165: 3a3a 1301 1302 1303 c02b c02f c02c c030 cca9 cca8 c013 c014 009c 009d 002f 0035 | H165: 2a2a 0304 0303 | I165: 1 | J165: skb-eval-8352-c5164 | K165: 1822 | L165: 771 | M165: 1443 | N165: TRUE | O165: TRUE | P165: 3a3a 1301 1302 1303 c02b c02f c02c c030 cca9 cca8 c013 c014 009c 009d 002f 0035 | Q165: 2a2a 0304 0303 | R165: violation | S165: violation | T165: =K165=E165 | U165: =L165=F165 | V165: =IF(N165,EXACT(P165,G165),"") | W165: =IF(O165,EXACT(Q165,H165),"") | X165: =J165=C165 | Y165: =IF(R165="unknown","",R165=S165) | Z165: A | AA165: A | AB165: =AND(N165,O165,A165<>"census-mixed") | AC165: =IF(AB165,Z165=AA165,"")
A166: census | B166: browser chrome150 | C166: skb-eval-8352-c5165 | D166: 5165 | E166: 1726 | F166: 771 | G166: 6a6a 1301 1302 1303 c02b c02f c02c c030 cca9 cca8 c013 c014 009c 009d 002f 0035 | H166: aaaa 0304 0303 | I166: 1 | J166: skb-eval-8352-c5165 | K166: 1726 | L166: 771 | M166: 1443 | N166: TRUE | O166: TRUE | P166: 6a6a 1301 1302 1303 c02b c02f c02c c030 cca9 cca8 c013 c014 009c 009d 002f 0035 | Q166: aaaa 0304 0303 | R166: violation | S166: violation | T166: =K166=E166 | U166: =L166=F166 | V166: =IF(N166,EXACT(P166,G166),"") | W166: =IF(O166,EXACT(Q166,H166),"") | X166: =J166=C166 | Y166: =IF(R166="unknown","",R166=S166) | Z166: A | AA166: A | AB166: =AND(N166,O166,A166<>"census-mixed") | AC166: =IF(AB166,Z166=AA166,"")
A167: census | B167: browser chrome150 | C167: skb-eval-8352-c5166 | D167: 5166 | E167: 1758 | F167: 771 | G167: 9a9a 1301 1302 1303 c02b c02f c02c c030 cca9 cca8 c013 c014 009c 009d 002f 0035 | H167: 4a4a 0304 0303 | I167: 1 | J167: skb-eval-8352-c5166 | K167: 1758 | L167: 771 | M167: 1443 | N167: TRUE | O167: TRUE | P167: 9a9a 1301 1302 1303 c02b c02f c02c c030 cca9 cca8 c013 c014 009c 009d 002f 0035 | Q167: 4a4a 0304 0303 | R167: violation | S167: violation | T167: =K167=E167 | U167: =L167=F167 | V167: =IF(N167,EXACT(P167,G167),"") | W167: =IF(O167,EXACT(Q167,H167),"") | X167: =J167=C167 | Y167: =IF(R167="unknown","",R167=S167) | Z167: A | AA167: A | AB167: =AND(N167,O167,A167<>"census-mixed") | AC167: =IF(AB167,Z167=AA167,"")
A168: census | B168: browser chrome150 | C168: skb-eval-8352-c5167 | D168: 5167 | E168: 1790 | F168: 771 | G168: baba 1301 1302 1303 c02b c02f c02c c030 cca9 cca8 c013 c014 009c 009d 002f 0035 | H168: 1a1a 0304 0303 | I168: 1 | J168: skb-eval-8352-c5167 | K168: 1790 | L168: 771 | M168: 1443 | N168: TRUE | O168: FALSE | P168: baba 1301 1302 1303 c02b c02f c02c c030 cca9 cca8 c013 c014 009c 009d 002f 0035 | R168: violation | S168: violation | T168: =K168=E168 | U168: =L168=F168 | V168: =IF(N168,EXACT(P168,G168),"") | W168: =IF(O168,EXACT(Q168,H168),"") | X168: =J168=C168 | Y168: =IF(R168="unknown","",R168=S168) | Z168: A | AA168: A | AB168: =AND(N168,O168,A168<>"census-mixed") | AC168: =IF(AB168,Z168=AA168,"")
A169: census | B169: browser chrome150 | C169: skb-eval-8352-c5168 | D169: 5168 | E169: 1822 | F169: 771 | G169: caca 1301 1302 1303 c02b c02f c02c c030 cca9 cca8 c013 c014 009c 009d 002f 0035 | H169: 7a7a 0304 0303 | I169: 1 | J169: skb-eval-8352-c5168 | K169: 1822 | L169: 771 | M169: 1443 | N169: TRUE | O169: FALSE | P169: caca 1301 1302 1303 c02b c02f c02c c030 cca9 cca8 c013 c014 009c 009d 002f 0035 | R169: violation | S169: violation | T169: =K169=E169 | U169: =L169=F169 | V169: =IF(N169,EXACT(P169,G169),"") | W169: =IF(O169,EXACT(Q169,H169),"") | X169: =J169=C169 | Y169: =IF(R169="unknown","",R169=S169) | Z169: A | AA169: A | AB169: =AND(N169,O169,A169<>"census-mixed") | AC169: =IF(AB169,Z169=AA169,"")
A170: census | B170: browser chrome150 | C170: skb-eval-8352-c5169 | D170: 5169 | E170: 1726 | F170: 771 | G170: eaea 1301 1302 1303 c02b c02f c02c c030 cca9 cca8 c013 c014 009c 009d 002f 0035 | H170: caca 0304 0303 | I170: 1 | J170: skb-eval-8352-c5169 | K170: 1726 | L170: 771 | M170: 1443 | N170: TRUE | O170: FALSE | P170: eaea 1301 1302 1303 c02b c02f c02c c030 cca9 cca8 c013 c014 009c 009d 002f 0035 | R170: violation | S170: violation | T170: =K170=E170 | U170: =L170=F170 | V170: =IF(N170,EXACT(P170,G170),"") | W170: =IF(O170,EXACT(Q170,H170),"") | X170: =J170=C170 | Y170: =IF(R170="unknown","",R170=S170) | Z170: A | AA170: A | AB170: =AND(N170,O170,A170<>"census-mixed") | AC170: =IF(AB170,Z170=AA170,"")
A171: census | B171: browser chrome150 | C171: skb-eval-8352-c5170 | D171: 5170 | E171: 1726 | F171: 771 | G171: eaea 1301 1302 1303 c02b c02f c02c c030 cca9 cca8 c013 c014 009c 009d 002f 0035 | H171: 9a9a 0304 0303 | I171: 1 | J171: skb-eval-8352-c5170 | K171: 1726 | L171: 771 | M171: 1443 | N171: TRUE | O171: FALSE | P171: eaea 1301 1302 1303 c02b c02f c02c c030 cca9 cca8 c013 c014 009c 009d 002f 0035 | R171: violation | S171: violation | T171: =K171=E171 | U171: =L171=F171 | V171: =IF(N171,EXACT(P171,G171),"") | W171: =IF(O171,EXACT(Q171,H171),"") | X171: =J171=C171 | Y171: =IF(R171="unknown","",R171=S171) | Z171: A | AA171: A | AB171: =AND(N171,O171,A171<>"census-mixed") | AC171: =IF(AB171,Z171=AA171,"")
A172: census | B172: browser edge101 | C172: skb-eval-8352-c5171 | D172: 5171 | E172: 512 | F172: 771 | G172: 9a9a 1301 1302 1303 c02b c02f c02c c030 cca9 cca8 c013 c014 009c 009d 002f 0035 | H172: caca 0304 0303 | I172: 1 | J172: skb-eval-8352-c5171 | K172: 512 | L172: 771 | M172: 512 | N172: TRUE | O172: TRUE | P172: 9a9a 1301 1302 1303 c02b c02f c02c c030 cca9 cca8 c013 c014 009c 009d 002f 0035 | Q172: caca 0304 0303 | R172: violation | S172: violation | T172: =K172=E172 | U172: =L172=F172 | V172: =IF(N172,EXACT(P172,G172),"") | W172: =IF(O172,EXACT(Q172,H172),"") | X172: =J172=C172 | Y172: =IF(R172="unknown","",R172=S172) | Z172: A | AA172: A | AB172: =AND(N172,O172,A172<>"census-mixed") | AC172: =IF(AB172,Z172=AA172,"")
A173: census | B173: browser edge101 | C173: skb-eval-8352-c5172 | D173: 5172 | E173: 512 | F173: 771 | G173: caca 1301 1302 1303 c02b c02f c02c c030 cca9 cca8 c013 c014 009c 009d 002f 0035 | H173: 6a6a 0304 0303 | I173: 1 | J173: skb-eval-8352-c5172 | K173: 512 | L173: 771 | M173: 512 | N173: TRUE | O173: TRUE | P173: caca 1301 1302 1303 c02b c02f c02c c030 cca9 cca8 c013 c014 009c 009d 002f 0035 | Q173: 6a6a 0304 0303 | R173: violation | S173: violation | T173: =K173=E173 | U173: =L173=F173 | V173: =IF(N173,EXACT(P173,G173),"") | W173: =IF(O173,EXACT(Q173,H173),"") | X173: =J173=C173 | Y173: =IF(R173="unknown","",R173=S173) | Z173: A | AA173: A | AB173: =AND(N173,O173,A173<>"census-mixed") | AC173: =IF(AB173,Z173=AA173,"")
A174: census | B174: browser edge101 | C174: skb-eval-8352-c5173 | D174: 5173 | E174: 512 | F174: 771 | G174: dada 1301 1302 1303 c02b c02f c02c c030 cca9 cca8 c013 c014 009c 009d 002f 0035 | H174: fafa 0304 0303 | I174: 1 | J174: skb-eval-8352-c5173 | K174: 512 | L174: 771 | M174: 512 | N174: TRUE | O174: TRUE | P174: dada 1301 1302 1303 c02b c02f c02c c030 cca9 cca8 c013 c014 009c 009d 002f 0035 | Q174: fafa 0304 0303 | R174: violation | S174: violation | T174: =K174=E174 | U174: =L174=F174 | V174: =IF(N174,EXACT(P174,G174),"") | W174: =IF(O174,EXACT(Q174,H174),"") | X174: =J174=C174 | Y174: =IF(R174="unknown","",R174=S174) | Z174: A | AA174: A | AB174: =AND(N174,O174,A174<>"census-mixed") | AC174: =IF(AB174,Z174=AA174,"")
A175: census | B175: browser edge101 | C175: skb-eval-8352-c5174 | D175: 5174 | E175: 512 | F175: 771 | G175: 1a1a 1301 1302 1303 c02b c02f c02c c030 cca9 cca8 c013 c014 009c 009d 002f 0035 | H175: 7a7a 0304 0303 | I175: 1 | J175: skb-eval-8352-c5174 | K175: 512 | L175: 771 | M175: 512 | N175: TRUE | O175: TRUE | P175: 1a1a 1301 1302 1303 c02b c02f c02c c030 cca9 cca8 c013 c014 009c 009d 002f 0035 | Q175: 7a7a 0304 0303 | R175: violation | S175: violation | T175: =K175=E175 | U175: =L175=F175 | V175: =IF(N175,EXACT(P175,G175),"") | W175: =IF(O175,EXACT(Q175,H175),"") | X175: =J175=C175 | Y175: =IF(R175="unknown","",R175=S175) | Z175: A | AA175: A | AB175: =AND(N175,O175,A175<>"census-mixed") | AC175: =IF(AB175,Z175=AA175,"")
A176: census | B176: browser edge101 | C176: skb-eval-8352-c5175 | D176: 5175 | E176: 512 | F176: 771 | G176: 7a7a 1301 1302 1303 c02b c02f c02c c030 cca9 cca8 c013 c014 009c 009d 002f 0035 | H176: 8a8a 0304 0303 | I176: 1 | J176: skb-eval-8352-c5175 | K176: 512 | L176: 771 | M176: 512 | N176: TRUE | O176: TRUE | P176: 7a7a 1301 1302 1303 c02b c02f c02c c030 cca9 cca8 c013 c014 009c 009d 002f 0035 | Q176: 8a8a 0304 0303 | R176: violation | S176: violation | T176: =K176=E176 | U176: =L176=F176 | V176: =IF(N176,EXACT(P176,G176),"") | W176: =IF(O176,EXACT(Q176,H176),"") | X176: =J176=C176 | Y176: =IF(R176="unknown","",R176=S176) | Z176: A | AA176: A | AB176: =AND(N176,O176,A176<>"census-mixed") | AC176: =IF(AB176,Z176=AA176,"")
A177: census | B177: browser edge101 | C177: skb-eval-8352-c5176 | D177: 5176 | E177: 512 | F177: 771 | G177: 9a9a 1301 1302 1303 c02b c02f c02c c030 cca9 cca8 c013 c014 009c 009d 002f 0035 | H177: 5a5a 0304 0303 | I177: 1 | J177: skb-eval-8352-c5176 | K177: 512 | L177: 771 | M177: 512 | N177: TRUE | O177: TRUE | P177: 9a9a 1301 1302 1303 c02b c02f c02c c030 cca9 cca8 c013 c014 009c 009d 002f 0035 | Q177: 5a5a 0304 0303 | R177: violation | S177: violation | T177: =K177=E177 | U177: =L177=F177 | V177: =IF(N177,EXACT(P177,G177),"") | W177: =IF(O177,EXACT(Q177,H177),"") | X177: =J177=C177 | Y177: =IF(R177="unknown","",R177=S177) | Z177: A | AA177: A | AB177: =AND(N177,O177,A177<>"census-mixed") | AC177: =IF(AB177,Z177=AA177,"")
A178: census | B178: browser edge101 | C178: skb-eval-8352-c5177 | D178: 5177 | E178: 512 | F178: 771 | G178: 7a7a 1301 1302 1303 c02b c02f c02c c030 cca9 cca8 c013 c014 009c 009d 002f 0035 | H178: 9a9a 0304 0303 | I178: 1 | J178: skb-eval-8352-c5177 | K178: 512 | L178: 771 | M178: 512 | N178: TRUE | O178: TRUE | P178: 7a7a 1301 1302 1303 c02b c02f c02c c030 cca9 cca8 c013 c014 009c 009d 002f 0035 | Q178: 9a9a 0304 0303 | R178: violation | S178: violation | T178: =K178=E178 | U178: =L178=F178 | V178: =IF(N178,EXACT(P178,G178),"") | W178: =IF(O178,EXACT(Q178,H178),"") | X178: =J178=C178 | Y178: =IF(R178="unknown","",R178=S178) | Z178: A | AA178: A | AB178: =AND(N178,O178,A178<>"census-mixed") | AC178: =IF(AB178,Z178=AA178,"")
A179: census | B179: browser edge101 | C179: skb-eval-8352-c5178 | D179: 5178 | E179: 512 | F179: 771 | G179: 2a2a 1301 1302 1303 c02b c02f c02c c030 cca9 cca8 c013 c014 009c 009d 002f 0035 | H179: 2a2a 0304 0303 | I179: 1 | J179: skb-eval-8352-c5178 | K179: 512 | L179: 771 | M179: 512 | N179: TRUE | O179: TRUE | P179: 2a2a 1301 1302 1303 c02b c02f c02c c030 cca9 cca8 c013 c014 009c 009d 002f 0035 | Q179: 2a2a 0304 0303 | R179: violation | S179: violation | T179: =K179=E179 | U179: =L179=F179 | V179: =IF(N179,EXACT(P179,G179),"") | W179: =IF(O179,EXACT(Q179,H179),"") | X179: =J179=C179 | Y179: =IF(R179="unknown","",R179=S179) | Z179: A | AA179: A | AB179: =AND(N179,O179,A179<>"census-mixed") | AC179: =IF(AB179,Z179=AA179,"")
A180: census | B180: browser edge101 | C180: skb-eval-8352-c5179 | D180: 5179 | E180: 512 | F180: 771 | G180: aaaa 1301 1302 1303 c02b c02f c02c c030 cca9 cca8 c013 c014 009c 009d 002f 0035 | H180: 7a7a 0304 0303 | I180: 1 | J180: skb-eval-8352-c5179 | K180: 512 | L180: 771 | M180: 512 | N180: TRUE | O180: TRUE | P180: aaaa 1301 1302 1303 c02b c02f c02c c030 cca9 cca8 c013 c014 009c 009d 002f 0035 | Q180: 7a7a 0304 0303 | R180: violation | S180: violation | T180: =K180=E180 | U180: =L180=F180 | V180: =IF(N180,EXACT(P180,G180),"") | W180: =IF(O180,EXACT(Q180,H180),"") | X180: =J180=C180 | Y180: =IF(R180="unknown","",R180=S180) | Z180: A | AA180: A | AB180: =AND(N180,O180,A180<>"census-mixed") | AC180: =IF(AB180,Z180=AA180,"")
A181: census | B181: browser edge101 | C181: skb-eval-8352-c5180 | D181: 5180 | E181: 512 | F181: 771 | G181: 5a5a 1301 1302 1303 c02b c02f c02c c030 cca9 cca8 c013 c014 009c 009d 002f 0035 | H181: aaaa 0304 0303 | I181: 1 | J181: skb-eval-8352-c5180 | K181: 512 | L181: 771 | M181: 512 | N181: TRUE | O181: TRUE | P181: 5a5a 1301 1302 1303 c02b c02f c02c c030 cca9 cca8 c013 c014 009c 009d 002f 0035 | Q181: aaaa 0304 0303 | R181: violation | S181: violation | T181: =K181=E181 | U181: =L181=F181 | V181: =IF(N181,EXACT(P181,G181),"") | W181: =IF(O181,EXACT(Q181,H181),"") | X181: =J181=C181 | Y181: =IF(R181="unknown","",R181=S181) | Z181: A | AA181: A | AB181: =AND(N181,O181,A181<>"census-mixed") | AC181: =IF(AB181,Z181=AA181,"")
A182: census | B182: browser firefox133 | C182: skb-eval-8352-c5181 | D182: 5181 | E182: 1828 | F182: 771 | G182: 1301 1303 1302 c02b c02f cca9 cca8 c02c c030 c00a c009 c013 c014 009c 009d 002f 0035 | H182: 0304 0303 | I182: 1 | J182: skb-eval-8352-c5181 | K182: 1828 | L182: 771 | M182: 1443 | N182: TRUE | O182: FALSE | P182: 1301 1303 1302 c02b c02f cca9 cca8 c02c c030 c00a c009 c013 c014 009c 009d 002f 0035 | R182: violation | S182: violation | T182: =K182=E182 | U182: =L182=F182 | V182: =IF(N182,EXACT(P182,G182),"") | W182: =IF(O182,EXACT(Q182,H182),"") | X182: =J182=C182 | Y182: =IF(R182="unknown","",R182=S182) | Z182: A | AA182: A | AB182: =AND(N182,O182,A182<>"census-mixed") | AC182: =IF(AB182,Z182=AA182,"")
A183: census | B183: browser firefox133 | C183: skb-eval-8352-c5182 | D183: 5182 | E183: 1828 | F183: 771 | G183: 1301 1303 1302 c02b c02f cca9 cca8 c02c c030 c00a c009 c013 c014 009c 009d 002f 0035 | H183: 0304 0303 | I183: 1 | J183: skb-eval-8352-c5182 | K183: 1828 | L183: 771 | M183: 1443 | N183: TRUE | O183: FALSE | P183: 1301 1303 1302 c02b c02f cca9 cca8 c02c c030 c00a c009 c013 c014 009c 009d 002f 0035 | R183: violation | S183: violation | T183: =K183=E183 | U183: =L183=F183 | V183: =IF(N183,EXACT(P183,G183),"") | W183: =IF(O183,EXACT(Q183,H183),"") | X183: =J183=C183 | Y183: =IF(R183="unknown","",R183=S183) | Z183: A | AA183: A | AB183: =AND(N183,O183,A183<>"census-mixed") | AC183: =IF(AB183,Z183=AA183,"")
A184: census | B184: browser firefox133 | C184: skb-eval-8352-c5183 | D184: 5183 | E184: 1860 | F184: 771 | G184: 1301 1303 1302 c02b c02f cca9 cca8 c02c c030 c00a c009 c013 c014 009c 009d 002f 0035 | H184: 0304 0303 | I184: 1 | J184: skb-eval-8352-c5183 | K184: 1860 | L184: 771 | M184: 1443 | N184: TRUE | O184: FALSE | P184: 1301 1303 1302 c02b c02f cca9 cca8 c02c c030 c00a c009 c013 c014 009c 009d 002f 0035 | R184: violation | S184: violation | T184: =K184=E184 | U184: =L184=F184 | V184: =IF(N184,EXACT(P184,G184),"") | W184: =IF(O184,EXACT(Q184,H184),"") | X184: =J184=C184 | Y184: =IF(R184="unknown","",R184=S184) | Z184: A | AA184: A | AB184: =AND(N184,O184,A184<>"census-mixed") | AC184: =IF(AB184,Z184=AA184,"")
A185: census | B185: browser firefox133 | C185: skb-eval-8352-c5184 | D185: 5184 | E185: 1892 | F185: 771 | G185: 1301 1303 1302 c02b c02f cca9 cca8 c02c c030 c00a c009 c013 c014 009c 009d 002f 0035 | H185: 0304 0303 | I185: 1 | J185: skb-eval-8352-c5184 | K185: 1892 | L185: 771 | M185: 1443 | N185: TRUE | O185: FALSE | P185: 1301 1303 1302 c02b c02f cca9 cca8 c02c c030 c00a c009 c013 c014 009c 009d 002f 0035 | R185: violation | S185: violation | T185: =K185=E185 | U185: =L185=F185 | V185: =IF(N185,EXACT(P185,G185),"") | W185: =IF(O185,EXACT(Q185,H185),"") | X185: =J185=C185 | Y185: =IF(R185="unknown","",R185=S185) | Z185: A | AA185: A | AB185: =AND(N185,O185,A185<>"census-mixed") | AC185: =IF(AB185,Z185=AA185,"")
A186: census | B186: browser firefox133 | C186: skb-eval-8352-c5185 | D186: 5185 | E186: 1860 | F186: 771 | G186: 1301 1303 1302 c02b c02f cca9 cca8 c02c c030 c00a c009 c013 c014 009c 009d 002f 0035 | H186: 0304 0303 | I186: 1 | J186: skb-eval-8352-c5185 | K186: 1860 | L186: 771 | M186: 1443 | N186: TRUE | O186: FALSE | P186: 1301 1303 1302 c02b c02f cca9 cca8 c02c c030 c00a c009 c013 c014 009c 009d 002f 0035 | R186: violation | S186: violation | T186: =K186=E186 | U186: =L186=F186 | V186: =IF(N186,EXACT(P186,G186),"") | W186: =IF(O186,EXACT(Q186,H186),"") | X186: =J186=C186 | Y186: =IF(R186="unknown","",R186=S186) | Z186: A | AA186: A | AB186: =AND(N186,O186,A186<>"census-mixed") | AC186: =IF(AB186,Z186=AA186,"")
A187: census | B187: browser firefox133 | C187: skb-eval-8352-c5186 | D187: 5186 | E187: 1860 | F187: 771 | G187: 1301 1303 1302 c02b c02f cca9 cca8 c02c c030 c00a c009 c013 c014 009c 009d 002f 0035 | H187: 0304 0303 | I187: 1 | J187: skb-eval-8352-c5186 | K187: 1860 | L187: 771 | M187: 1443 | N187: TRUE | O187: FALSE | P187: 1301 1303 1302 c02b c02f cca9 cca8 c02c c030 c00a c009 c013 c014 009c 009d 002f 0035 | R187: violation | S187: violation | T187: =K187=E187 | U187: =L187=F187 | V187: =IF(N187,EXACT(P187,G187),"") | W187: =IF(O187,EXACT(Q187,H187),"") | X187: =J187=C187 | Y187: =IF(R187="unknown","",R187=S187) | Z187: A | AA187: A | AB187: =AND(N187,O187,A187<>"census-mixed") | AC187: =IF(AB187,Z187=AA187,"")
A188: census | B188: browser firefox133 | C188: skb-eval-8352-c5187 | D188: 5187 | E188: 1860 | F188: 771 | G188: 1301 1303 1302 c02b c02f cca9 cca8 c02c c030 c00a c009 c013 c014 009c 009d 002f 0035 | H188: 0304 0303 | I188: 1 | J188: skb-eval-8352-c5187 | K188: 1860 | L188: 771 | M188: 1443 | N188: TRUE | O188: FALSE | P188: 1301 1303 1302 c02b c02f cca9 cca8 c02c c030 c00a c009 c013 c014 009c 009d 002f 0035 | R188: violation | S188: violation | T188: =K188=E188 | U188: =L188=F188 | V188: =IF(N188,EXACT(P188,G188),"") | W188: =IF(O188,EXACT(Q188,H188),"") | X188: =J188=C188 | Y188: =IF(R188="unknown","",R188=S188) | Z188: A | AA188: A | AB188: =AND(N188,O188,A188<>"census-mixed") | AC188: =IF(AB188,Z188=AA188,"")
A189: census | B189: browser firefox133 | C189: skb-eval-8352-c5188 | D189: 5188 | E189: 1860 | F189: 771 | G189: 1301 1303 1302 c02b c02f cca9 cca8 c02c c030 c00a c009 c013 c014 009c 009d 002f 0035 | H189: 0304 0303 | I189: 1 | J189: skb-eval-8352-c5188 | K189: 1860 | L189: 771 | M189: 1443 | N189: TRUE | O189: FALSE | P189: 1301 1303 1302 c02b c02f cca9 cca8 c02c c030 c00a c009 c013 c014 009c 009d 002f 0035 | R189: violation | S189: violation | T189: =K189=E189 | U189: =L189=F189 | V189: =IF(N189,EXACT(P189,G189),"") | W189: =IF(O189,EXACT(Q189,H189),"") | X189: =J189=C189 | Y189: =IF(R189="unknown","",R189=S189) | Z189: A | AA189: A | AB189: =AND(N189,O189,A189<>"census-mixed") | AC189: =IF(AB189,Z189=AA189,"")
A190: census | B190: browser firefox133 | C190: skb-eval-8352-c5189 | D190: 5189 | E190: 1892 | F190: 771 | G190: 1301 1303 1302 c02b c02f cca9 cca8 c02c c030 c00a c009 c013 c014 009c 009d 002f 0035 | H190: 0304 0303 | I190: 1 | J190: skb-eval-8352-c5189 | K190: 1892 | L190: 771 | M190: 1443 | N190: TRUE | O190: FALSE | P190: 1301 1303 1302 c02b c02f cca9 cca8 c02c c030 c00a c009 c013 c014 009c 009d 002f 0035 | R190: violation | S190: violation | T190: =K190=E190 | U190: =L190=F190 | V190: =IF(N190,EXACT(P190,G190),"") | W190: =IF(O190,EXACT(Q190,H190),"") | X190: =J190=C190 | Y190: =IF(R190="unknown","",R190=S190) | Z190: A | AA190: A | AB190: =AND(N190,O190,A190<>"census-mixed") | AC190: =IF(AB190,Z190=AA190,"")
A191: census | B191: browser firefox133 | C191: skb-eval-8352-c5190 | D191: 5190 | E191: 1796 | F191: 771 | G191: 1301 1303 1302 c02b c02f cca9 cca8 c02c c030 c00a c009 c013 c014 009c 009d 002f 0035 | H191: 0304 0303 | I191: 1 | J191: skb-eval-8352-c5190 | K191: 1796 | L191: 771 | M191: 1443 | N191: TRUE | O191: FALSE | P191: 1301 1303 1302 c02b c02f cca9 cca8 c02c c030 c00a c009 c013 c014 009c 009d 002f 0035 | R191: violation | S191: violation | T191: =K191=E191 | U191: =L191=F191 | V191: =IF(N191,EXACT(P191,G191),"") | W191: =IF(O191,EXACT(Q191,H191),"") | X191: =J191=C191 | Y191: =IF(R191="unknown","",R191=S191) | Z191: A | AA191: A | AB191: =AND(N191,O191,A191<>"census-mixed") | AC191: =IF(AB191,Z191=AA191,"")
A192: census | B192: browser firefox147 | C192: skb-eval-8352-c5191 | D192: 5191 | E192: 1800 | F192: 771 | G192: 1301 1303 1302 c02b c02f cca9 cca8 c02c c030 c00a c009 c013 c014 009c 009d 002f 0035 | H192: 0304 0303 | I192: 1 | J192: skb-eval-8352-c5191 | K192: 1800 | L192: 771 | M192: 1443 | N192: TRUE | O192: FALSE | P192: 1301 1303 1302 c02b c02f cca9 cca8 c02c c030 c00a c009 c013 c014 009c 009d 002f 0035 | R192: violation | S192: violation | T192: =K192=E192 | U192: =L192=F192 | V192: =IF(N192,EXACT(P192,G192),"") | W192: =IF(O192,EXACT(Q192,H192),"") | X192: =J192=C192 | Y192: =IF(R192="unknown","",R192=S192) | Z192: A | AA192: A | AB192: =AND(N192,O192,A192<>"census-mixed") | AC192: =IF(AB192,Z192=AA192,"")
A193: census | B193: browser firefox147 | C193: skb-eval-8352-c5192 | D193: 5192 | E193: 1800 | F193: 771 | G193: 1301 1303 1302 c02b c02f cca9 cca8 c02c c030 c00a c009 c013 c014 009c 009d 002f 0035 | H193: 0304 0303 | I193: 1 | J193: skb-eval-8352-c5192 | K193: 1800 | L193: 771 | M193: 1443 | N193: TRUE | O193: FALSE | P193: 1301 1303 1302 c02b c02f cca9 cca8 c02c c030 c00a c009 c013 c014 009c 009d 002f 0035 | R193: violation | S193: violation | T193: =K193=E193 | U193: =L193=F193 | V193: =IF(N193,EXACT(P193,G193),"") | W193: =IF(O193,EXACT(Q193,H193),"") | X193: =J193=C193 | Y193: =IF(R193="unknown","",R193=S193) | Z193: A | AA193: A | AB193: =AND(N193,O193,A193<>"census-mixed") | AC193: =IF(AB193,Z193=AA193,"")
... A201: census | B201: browser firefox147 | C201: skb-eval-8352-c5200 | D201: 5200 | E201: 1832 | F201: 771 | G201: 1301 1303 1302 c02b c02f cca9 cca8 c02c c030 c00a c009 c013 c014 009c 009d 002f 0035 | H201: 0304 0303 | I201: 1 | J201: skb-eval-8352-c5200 | K201: 1832 | L201: 771 | M201: 1443 | N201: TRUE | O201: FALSE | P201: 1301 1303 1302 c02b c02f cca9 cca8 c02c c030 c00a c009 c013 c014 009c 009d 002f 0035 | R201: violation | S201: violation | T201: =K201=E201 | U201: =L201=F201 | V201: =IF(N201,EXACT(P201,G201),"") | W201: =IF(O201,EXACT(Q201,H201),"") | X201: =J201=C201 | Y201: =IF(R201="unknown","",R201=S201) | Z201: A | AA201: A | AB201: =AND(N201,O201,A201<>"census-mixed") | AC201: =IF(AB201,Z201=AA201,"")
A202: census | B202: browser safari184 | C202: skb-eval-8352-c5201 | D202: 5201 | E202: 512 | F202: 771 | G202: 2a2a 1301 1302 1303 c02c c02b cca9 c030 c02f cca8 c00a c009 c014 c013 009d 009c 0035 002f c008 c012 000a | H202: 3a3a 0304 0303 0302 0301 | I202: 1 | J202: skb-eval-8352-c5201 | K202: 512 | L202: 771 | M202: 512 | N202: TRUE | O202: TRUE | P202: 2a2a 1301 1302 1303 c02c c02b cca9 c030 c02f cca8 c00a c009 c014 c013 009d 009c 0035 002f c008 c012 000a | Q202: 3a3a 0304 0303 0302 0301 | R202: violation | S202: violation | T202: =K202=E202 | U202: =L202=F202 | V202: =IF(N202,EXACT(P202,G202),"") | W202: =IF(O202,EXACT(Q202,H202),"") | X202: =J202=C202 | Y202: =IF(R202="unknown","",R202=S202) | Z202: A | AA202: A | AB202: =AND(N202,O202,A202<>"census-mixed") | AC202: =IF(AB202,Z202=AA202,"")
A203: census | B203: browser safari184 | C203: skb-eval-8352-c5202 | D203: 5202 | E203: 512 | F203: 771 | G203: 3a3a 1301 1302 1303 c02c c02b cca9 c030 c02f cca8 c00a c009 c014 c013 009d 009c 0035 002f c008 c012 000a | H203: dada 0304 0303 0302 0301 | I203: 1 | J203: skb-eval-8352-c5202 | K203: 512 | L203: 771 | M203: 512 | N203: TRUE | O203: TRUE | P203: 3a3a 1301 1302 1303 c02c c02b cca9 c030 c02f cca8 c00a c009 c014 c013 009d 009c 0035 002f c008 c012 000a | Q203: dada 0304 0303 0302 0301 | R203: violation | S203: violation | T203: =K203=E203 | U203: =L203=F203 | V203: =IF(N203,EXACT(P203,G203),"") | W203: =IF(O203,EXACT(Q203,H203),"") | X203: =J203=C203 | Y203: =IF(R203="unknown","",R203=S203) | Z203: A | AA203: A | AB203: =AND(N203,O203,A203<>"census-mixed") | AC203: =IF(AB203,Z203=AA203,"")
A204: census | B204: browser safari184 | C204: skb-eval-8352-c5203 | D204: 5203 | E204: 512 | F204: 771 | G204: aaaa 1301 1302 1303 c02c c02b cca9 c030 c02f cca8 c00a c009 c014 c013 009d 009c 0035 002f c008 c012 000a | H204: 0a0a 0304 0303 0302 0301 | I204: 1 | J204: skb-eval-8352-c5203 | K204: 512 | L204: 771 | M204: 512 | N204: TRUE | O204: TRUE | P204: aaaa 1301 1302 1303 c02c c02b cca9 c030 c02f cca8 c00a c009 c014 c013 009d 009c 0035 002f c008 c012 000a | Q204: 0a0a 0304 0303 0302 0301 | R204: violation | S204: violation | T204: =K204=E204 | U204: =L204=F204 | V204: =IF(N204,EXACT(P204,G204),"") | W204: =IF(O204,EXACT(Q204,H204),"") | X204: =J204=C204 | Y204: =IF(R204="unknown","",R204=S204) | Z204: A | AA204: A | AB204: =AND(N204,O204,A204<>"census-mixed") | AC204: =IF(AB204,Z204=AA204,"")
A205: census | B205: browser safari184 | C205: skb-eval-8352-c5204 | D205: 5204 | E205: 512 | F205: 771 | G205: 6a6a 1301 1302 1303 c02c c02b cca9 c030 c02f cca8 c00a c009 c014 c013 009d 009c 0035 002f c008 c012 000a | H205: 8a8a 0304 0303 0302 0301 | I205: 1 | J205: skb-eval-8352-c5204 | K205: 512 | L205: 771 | M205: 512 | N205: TRUE | O205: TRUE | P205: 6a6a 1301 1302 1303 c02c c02b cca9 c030 c02f cca8 c00a c009 c014 c013 009d 009c 0035 002f c008 c012 000a | Q205: 8a8a 0304 0303 0302 0301 | R205: violation | S205: violation | T205: =K205=E205 | U205: =L205=F205 | V205: =IF(N205,EXACT(P205,G205),"") | W205: =IF(O205,EXACT(Q205,H205),"") | X205: =J205=C205 | Y205: =IF(R205="unknown","",R205=S205) | Z205: A | AA205: A | AB205: =AND(N205,O205,A205<>"census-mixed") | AC205: =IF(AB205,Z205=AA205,"")
A206: census | B206: browser safari184 | C206: skb-eval-8352-c5205 | D206: 5205 | E206: 512 | F206: 771 | G206: fafa 1301 1302 1303 c02c c02b cca9 c030 c02f cca8 c00a c009 c014 c013 009d 009c 0035 002f c008 c012 000a | H206: 7a7a 0304 0303 0302 0301 | I206: 1 | J206: skb-eval-8352-c5205 | K206: 512 | L206: 771 | M206: 512 | N206: TRUE | O206: TRUE | P206: fafa 1301 1302 1303 c02c c02b cca9 c030 c02f cca8 c00a c009 c014 c013 009d 009c 0035 002f c008 c012 000a | Q206: 7a7a 0304 0303 0302 0301 | R206: violation | S206: violation | T206: =K206=E206 | U206: =L206=F206 | V206: =IF(N206,EXACT(P206,G206),"") | W206: =IF(O206,EXACT(Q206,H206),"") | X206: =J206=C206 | Y206: =IF(R206="unknown","",R206=S206) | Z206: A | AA206: A | AB206: =AND(N206,O206,A206<>"census-mixed") | AC206: =IF(AB206,Z206=AA206,"")
A207: census | B207: browser safari184 | C207: skb-eval-8352-c5206 | D207: 5206 | E207: 512 | F207: 771 | G207: dada 1301 1302 1303 c02c c02b cca9 c030 c02f cca8 c00a c009 c014 c013 009d 009c 0035 002f c008 c012 000a | H207: 4a4a 0304 0303 0302 0301 | I207: 1 | J207: skb-eval-8352-c5206 | K207: 512 | L207: 771 | M207: 512 | N207: TRUE | O207: TRUE | P207: dada 1301 1302 1303 c02c c02b cca9 c030 c02f cca8 c00a c009 c014 c013 009d 009c 0035 002f c008 c012 000a | Q207: 4a4a 0304 0303 0302 0301 | R207: violation | S207: violation | T207: =K207=E207 | U207: =L207=F207 | V207: =IF(N207,EXACT(P207,G207),"") | W207: =IF(O207,EXACT(Q207,H207),"") | X207: =J207=C207 | Y207: =IF(R207="unknown","",R207=S207) | Z207: A | AA207: A | AB207: =AND(N207,O207,A207<>"census-mixed") | AC207: =IF(AB207,Z207=AA207,"")
A208: census | B208: browser safari184 | C208: skb-eval-8352-c5207 | D208: 5207 | E208: 512 | F208: 771 | G208: caca 1301 1302 1303 c02c c02b cca9 c030 c02f cca8 c00a c009 c014 c013 009d 009c 0035 002f c008 c012 000a | H208: 8a8a 0304 0303 0302 0301 | I208: 1 | J208: skb-eval-8352-c5207 | K208: 512 | L208: 771 | M208: 512 | N208: TRUE | O208: TRUE | P208: caca 1301 1302 1303 c02c c02b cca9 c030 c02f cca8 c00a c009 c014 c013 009d 009c 0035 002f c008 c012 000a | Q208: 8a8a 0304 0303 0302 0301 | R208: violation | S208: violation | T208: =K208=E208 | U208: =L208=F208 | V208: =IF(N208,EXACT(P208,G208),"") | W208: =IF(O208,EXACT(Q208,H208),"") | X208: =J208=C208 | Y208: =IF(R208="unknown","",R208=S208) | Z208: A | AA208: A | AB208: =AND(N208,O208,A208<>"census-mixed") | AC208: =IF(AB208,Z208=AA208,"")
A209: census | B209: browser safari184 | C209: skb-eval-8352-c5208 | D209: 5208 | E209: 512 | F209: 771 | G209: 9a9a 1301 1302 1303 c02c c02b cca9 c030 c02f cca8 c00a c009 c014 c013 009d 009c 0035 002f c008 c012 000a | H209: 7a7a 0304 0303 0302 0301 | I209: 1 | J209: skb-eval-8352-c5208 | K209: 512 | L209: 771 | M209: 512 | N209: TRUE | O209: TRUE | P209: 9a9a 1301 1302 1303 c02c c02b cca9 c030 c02f cca8 c00a c009 c014 c013 009d 009c 0035 002f c008 c012 000a | Q209: 7a7a 0304 0303 0302 0301 | R209: violation | S209: violation | T209: =K209=E209 | U209: =L209=F209 | V209: =IF(N209,EXACT(P209,G209),"") | W209: =IF(O209,EXACT(Q209,H209),"") | X209: =J209=C209 | Y209: =IF(R209="unknown","",R209=S209) | Z209: A | AA209: A | AB209: =AND(N209,O209,A209<>"census-mixed") | AC209: =IF(AB209,Z209=AA209,"")
A210: census | B210: browser safari184 | C210: skb-eval-8352-c5209 | D210: 5209 | E210: 512 | F210: 771 | G210: 6a6a 1301 1302 1303 c02c c02b cca9 c030 c02f cca8 c00a c009 c014 c013 009d 009c 0035 002f c008 c012 000a | H210: 1a1a 0304 0303 0302 0301 | I210: 1 | J210: skb-eval-8352-c5209 | K210: 512 | L210: 771 | M210: 512 | N210: TRUE | O210: TRUE | P210: 6a6a 1301 1302 1303 c02c c02b cca9 c030 c02f cca8 c00a c009 c014 c013 009d 009c 0035 002f c008 c012 000a | Q210: 1a1a 0304 0303 0302 0301 | R210: violation | S210: violation | T210: =K210=E210 | U210: =L210=F210 | V210: =IF(N210,EXACT(P210,G210),"") | W210: =IF(O210,EXACT(Q210,H210),"") | X210: =J210=C210 | Y210: =IF(R210="unknown","",R210=S210) | Z210: A | AA210: A | AB210: =AND(N210,O210,A210<>"census-mixed") | AC210: =IF(AB210,Z210=AA210,"")
A211: census | B211: browser safari184 | C211: skb-eval-8352-c5210 | D211: 5210 | E211: 512 | F211: 771 | G211: baba 1301 1302 1303 c02c c02b cca9 c030 c02f cca8 c00a c009 c014 c013 009d 009c 0035 002f c008 c012 000a | H211: 1a1a 0304 0303 0302 0301 | I211: 1 | J211: skb-eval-8352-c5210 | K211: 512 | L211: 771 | M211: 512 | N211: TRUE | O211: TRUE | P211: baba 1301 1302 1303 c02c c02b cca9 c030 c02f cca8 c00a c009 c014 c013 009d 009c 0035 002f c008 c012 000a | Q211: 1a1a 0304 0303 0302 0301 | R211: violation | S211: violation | T211: =K211=E211 | U211: =L211=F211 | V211: =IF(N211,EXACT(P211,G211),"") | W211: =IF(O211,EXACT(Q211,H211),"") | X211: =J211=C211 | Y211: =IF(R211="unknown","",R211=S211) | Z211: A | AA211: A | AB211: =AND(N211,O211,A211<>"census-mixed") | AC211: =IF(AB211,Z211=AA211,"")
...

Sheet Exp3_fuzz
A1: i | B1: Kind | C1: From | D1: Bytes sent | E1: Bytes received | F1: Events | G1: Events with ciphers_seen | H1: Events with versions_seen | I1: False complete fields | K1: Run | L1: Value
A2: 0 | B2: original | C2: openssl X25519 only (classical) | D2: 314 | E2: 314 | F2: 1 | G2: 1 | H2: 1 | I2: 0 | K2: skbouncer alive at end | L2: TRUE
A3: 1 | B3: original | C3: openssl 3.5.8 default | D3: 1548 | E3: 1548 | F3: 1 | G3: 1 | H3: 1 | I3: 0 | K3: skb_tc attached at end | L3: 1
A4: 2 | B4: original | C4: openssl TLS 1.2 only | D4: 215 | E4: 215 | F4: 1 | G4: 1 | H4: 1 | I4: 0 | K4: Detected | L4: 4693
A5: 3 | B5: original | C5: browser chrome150 | D5: 1763 | E5: 1763 | F5: 1 | G5: 1 | H5: 1 | I5: 0 | K5: Too short to classify | L5: 8
A6: 4 | B6: original | C6: browser firefox147 | D6: 1901 | E6: 1901 | F6: 1 | G6: 1 | H6: 0 | I6: 0
A7: 5 | B7: flip | C7: openssl 3.5.8 default | D7: 1548 | E7: 1548 | F7: 1 | G7: 1 | H7: 1 | I7: 0
A8: 6 | B8: truncate | C8: browser chrome150 | D8: 968 | E8: 968 | F8: 1 | G8: 1 | H8: 1 | I8: 0
A9: 7 | B9: length | C9: browser chrome150 | D9: 1763 | E9: 1763 | F9: 0 | G9: 0 | H9: 0 | I9: 0
A10: 8 | B10: insert | C10: browser chrome150 | D10: 1764 | E10: 1764 | F10: 1 | G10: 1 | H10: 1 | I10: 0
A11: 9 | B11: flip | C11: browser chrome150 | D11: 1763 | E11: 1763 | F11: 1 | G11: 1 | H11: 1 | I11: 0
A12: 10 | B12: truncate | C12: browser firefox147 | D12: 19 | E12: 19 | F12: 1 | G12: 0 | H12: 0 | I12: 0
A13: 11 | B13: length | C13: browser chrome150 | D13: 1763 | E13: 1763 | F13: 1 | G13: 1 | H13: 1 | I13: 0
A14: 12 | B14: insert | C14: openssl 3.5.8 default | D14: 1564 | E14: 1564 | F14: 1 | G14: 1 | H14: 1 | I14: 0
A15: 13 | B15: flip | C15: openssl 3.5.8 default | D15: 1548 | E15: 1548 | F15: 1 | G15: 1 | H15: 1 | I15: 0
A16: 14 | B16: truncate | C16: browser firefox147 | D16: 865 | E16: 865 | F16: 1 | G16: 1 | H16: 0 | I16: 0
A17: 15 | B17: length | C17: browser firefox147 | D17: 1901 | E17: 1901 | F17: 1 | G17: 0 | H17: 0 | I17: 0
... A5006: 5004 | B5006: insert | C5006: openssl TLS 1.2 only | D5006: 231 | E5006: 231 | F5006: 1 | G5006: 1 | H5006: 1 | I5006: 0

Sheet Exp4
A1: Arm | B1: MTU | C1: Timestamps | D1: MSS | E1: Client | F1: Post-quantum | G1: Rep | H1: Server record_len | I1: Event record_len | J1: captured_len | K1: Split (truth) | L1: Flagged split | M1: ciphers_seen | N1: versions_seen | O1: Verdict | P1: Decidable
A2: 1280-off | B2: 1280 | C2: off | D2: 1240 | E2: openssl 3.5.8 default | F2: TRUE | G2: 1 | H2: 1543 | I2: 1543 | J2: 1235 | K2: =H2+5>D2 | L2: =J2<I2 | M2: TRUE | N2: TRUE | O2: allow | P2: =O2<>"unknown"
A3: 1280-off | B3: 1280 | C3: off | D3: 1240 | E3: openssl 3.5.8 default | F3: TRUE | G3: 2 | H3: 1543 | I3: 1543 | J3: 1235 | K3: =H3+5>D3 | L3: =J3<I3 | M3: TRUE | N3: TRUE | O3: allow | P3: =O3<>"unknown"
A4: 1280-off | B4: 1280 | C4: off | D4: 1240 | E4: openssl 3.5.8 default | F4: TRUE | G4: 3 | H4: 1543 | I4: 1543 | J4: 1235 | K4: =H4+5>D4 | L4: =J4<I4 | M4: TRUE | N4: TRUE | O4: allow | P4: =O4<>"unknown"
A5: 1280-off | B5: 1280 | C5: off | D5: 1240 | E5: openssl 3.5.8 default | F5: TRUE | G5: 4 | H5: 1543 | I5: 1543 | J5: 1235 | K5: =H5+5>D5 | L5: =J5<I5 | M5: TRUE | N5: TRUE | O5: allow | P5: =O5<>"unknown"
A6: 1280-off | B6: 1280 | C6: off | D6: 1240 | E6: openssl 3.5.8 default | F6: TRUE | G6: 5 | H6: 1543 | I6: 1543 | J6: 1235 | K6: =H6+5>D6 | L6: =J6<I6 | M6: TRUE | N6: TRUE | O6: allow | P6: =O6<>"unknown"
A7: 1280-off | B7: 1280 | C7: off | D7: 1240 | E7: openssl X25519 only (classical) | F7: FALSE | G7: 1 | H7: 309 | I7: 309 | J7: 309 | K7: =H7+5>D7 | L7: =J7<I7 | M7: TRUE | N7: TRUE | O7: allow | P7: =O7<>"unknown"
A8: 1280-off | B8: 1280 | C8: off | D8: 1240 | E8: openssl X25519 only (classical) | F8: FALSE | G8: 2 | H8: 309 | I8: 309 | J8: 309 | K8: =H8+5>D8 | L8: =J8<I8 | M8: TRUE | N8: TRUE | O8: allow | P8: =O8<>"unknown"
A9: 1280-off | B9: 1280 | C9: off | D9: 1240 | E9: openssl X25519 only (classical) | F9: FALSE | G9: 3 | H9: 309 | I9: 309 | J9: 309 | K9: =H9+5>D9 | L9: =J9<I9 | M9: TRUE | N9: TRUE | O9: allow | P9: =O9<>"unknown"
A10: 1280-off | B10: 1280 | C10: off | D10: 1240 | E10: openssl X25519 only (classical) | F10: FALSE | G10: 4 | H10: 309 | I10: 309 | J10: 309 | K10: =H10+5>D10 | L10: =J10<I10 | M10: TRUE | N10: TRUE | O10: allow | P10: =O10<>"unknown"
A11: 1280-off | B11: 1280 | C11: off | D11: 1240 | E11: openssl X25519 only (classical) | F11: FALSE | G11: 5 | H11: 309 | I11: 309 | J11: 309 | K11: =H11+5>D11 | L11: =J11<I11 | M11: TRUE | N11: TRUE | O11: allow | P11: =O11<>"unknown"
A12: 1280-off | B12: 1280 | C12: off | D12: 1240 | E12: openssl secp256r1 only (classical) | F12: FALSE | G12: 1 | H12: 342 | I12: 342 | J12: 342 | K12: =H12+5>D12 | L12: =J12<I12 | M12: TRUE | N12: TRUE | O12: allow | P12: =O12<>"unknown"
A13: 1280-off | B13: 1280 | C13: off | D13: 1240 | E13: openssl secp256r1 only (classical) | F13: FALSE | G13: 2 | H13: 342 | I13: 342 | J13: 342 | K13: =H13+5>D13 | L13: =J13<I13 | M13: TRUE | N13: TRUE | O13: allow | P13: =O13<>"unknown"
... A1441: 1500-on | B1441: 1500 | C1441: on | D1441: 1448 | E1441: browser tor145 | F1441: FALSE | G1441: 20 | H1441: 645 | I1441: 645 | J1441: 645 | K1441: =H1441+5>D1441 | L1441: =J1441<I1441 | M1441: TRUE | N1441: TRUE | O1441: allow | P1441: =O1441<>"unknown"

Sheet Exp4_coverage
A1: Client | B1: 1280-off | C1: 1280-on | D1: 1400-on | E1: 1460-on | F1: 1500-off | G1: 1500-on
A2: browser chrome116 | B2: =IF(COUNTIFS(Exp4!$E$2:$E$1441,"browser chrome116",Exp4!$A$2:$A$1441,"1280-off")=0,"",COUNTIFS(Exp4!$E$2:$E$1441,"browser chrome116",Exp4!$A$2:$A$1441,"1280-off",Exp4!$P$2:$P$1441,TRUE)/COUNTIFS(Exp4!$E$2:$E$1441,"browser chrome116",Exp4!$A$2:$A$1441,"1280-off")) | C2: =IF(COUNTIFS(Exp4!$E$2:$E$1441,"browser chrome116",Exp4!$A$2:$A$1441,"1280-on")=0,"",COUNTIFS(Exp4!$E$2:$E$1441,"browser chrome116",Exp4!$A$2:$A$1441,"1280-on",Exp4!$P$2:$P$1441,TRUE)/COUNTIFS(Exp4!$E$2:$E$1441,"browser chrome116",Exp4!$A$2:$A$1441,"1280-on")) | D2: =IF(COUNTIFS(Exp4!$E$2:$E$1441,"browser chrome116",Exp4!$A$2:$A$1441,"1400-on")=0,"",COUNTIFS(Exp4!$E$2:$E$1441,"browser chrome116",Exp4!$A$2:$A$1441,"1400-on",Exp4!$P$2:$P$1441,TRUE)/COUNTIFS(Exp4!$E$2:$E$1441,"browser chrome116",Exp4!$A$2:$A$1441,"1400-on")) | E2: =IF(COUNTIFS(Exp4!$E$2:$E$1441,"browser chrome116",Exp4!$A$2:$A$1441,"1460-on")=0,"",COUNTIFS(Exp4!$E$2:$E$1441,"browser chrome116",Exp4!$A$2:$A$1441,"1460-on",Exp4!$P$2:$P$1441,TRUE)/COUNTIFS(Exp4!$E$2:$E$1441,"browser chrome116",Exp4!$A$2:$A$1441,"1460-on")) | F2: =IF(COUNTIFS(Exp4!$E$2:$E$1441,"browser chrome116",Exp4!$A$2:$A$1441,"1500-off")=0,"",COUNTIFS(Exp4!$E$2:$E$1441,"browser chrome116",Exp4!$A$2:$A$1441,"1500-off",Exp4!$P$2:$P$1441,TRUE)/COUNTIFS(Exp4!$E$2:$E$1441,"browser chrome116",Exp4!$A$2:$A$1441,"1500-off")) | G2: =IF(COUNTIFS(Exp4!$E$2:$E$1441,"browser chrome116",Exp4!$A$2:$A$1441,"1500-on")=0,"",COUNTIFS(Exp4!$E$2:$E$1441,"browser chrome116",Exp4!$A$2:$A$1441,"1500-on",Exp4!$P$2:$P$1441,TRUE)/COUNTIFS(Exp4!$E$2:$E$1441,"browser chrome116",Exp4!$A$2:$A$1441,"1500-on"))
A3: browser chrome124 | B3: =IF(COUNTIFS(Exp4!$E$2:$E$1441,"browser chrome124",Exp4!$A$2:$A$1441,"1280-off")=0,"",COUNTIFS(Exp4!$E$2:$E$1441,"browser chrome124",Exp4!$A$2:$A$1441,"1280-off",Exp4!$P$2:$P$1441,TRUE)/COUNTIFS(Exp4!$E$2:$E$1441,"browser chrome124",Exp4!$A$2:$A$1441,"1280-off")) | C3: =IF(COUNTIFS(Exp4!$E$2:$E$1441,"browser chrome124",Exp4!$A$2:$A$1441,"1280-on")=0,"",COUNTIFS(Exp4!$E$2:$E$1441,"browser chrome124",Exp4!$A$2:$A$1441,"1280-on",Exp4!$P$2:$P$1441,TRUE)/COUNTIFS(Exp4!$E$2:$E$1441,"browser chrome124",Exp4!$A$2:$A$1441,"1280-on")) | D3: =IF(COUNTIFS(Exp4!$E$2:$E$1441,"browser chrome124",Exp4!$A$2:$A$1441,"1400-on")=0,"",COUNTIFS(Exp4!$E$2:$E$1441,"browser chrome124",Exp4!$A$2:$A$1441,"1400-on",Exp4!$P$2:$P$1441,TRUE)/COUNTIFS(Exp4!$E$2:$E$1441,"browser chrome124",Exp4!$A$2:$A$1441,"1400-on")) | E3: =IF(COUNTIFS(Exp4!$E$2:$E$1441,"browser chrome124",Exp4!$A$2:$A$1441,"1460-on")=0,"",COUNTIFS(Exp4!$E$2:$E$1441,"browser chrome124",Exp4!$A$2:$A$1441,"1460-on",Exp4!$P$2:$P$1441,TRUE)/COUNTIFS(Exp4!$E$2:$E$1441,"browser chrome124",Exp4!$A$2:$A$1441,"1460-on")) | F3: =IF(COUNTIFS(Exp4!$E$2:$E$1441,"browser chrome124",Exp4!$A$2:$A$1441,"1500-off")=0,"",COUNTIFS(Exp4!$E$2:$E$1441,"browser chrome124",Exp4!$A$2:$A$1441,"1500-off",Exp4!$P$2:$P$1441,TRUE)/COUNTIFS(Exp4!$E$2:$E$1441,"browser chrome124",Exp4!$A$2:$A$1441,"1500-off")) | G3: =IF(COUNTIFS(Exp4!$E$2:$E$1441,"browser chrome124",Exp4!$A$2:$A$1441,"1500-on")=0,"",COUNTIFS(Exp4!$E$2:$E$1441,"browser chrome124",Exp4!$A$2:$A$1441,"1500-on",Exp4!$P$2:$P$1441,TRUE)/COUNTIFS(Exp4!$E$2:$E$1441,"browser chrome124",Exp4!$A$2:$A$1441,"1500-on"))
A4: browser chrome131 | B4: =IF(COUNTIFS(Exp4!$E$2:$E$1441,"browser chrome131",Exp4!$A$2:$A$1441,"1280-off")=0,"",COUNTIFS(Exp4!$E$2:$E$1441,"browser chrome131",Exp4!$A$2:$A$1441,"1280-off",Exp4!$P$2:$P$1441,TRUE)/COUNTIFS(Exp4!$E$2:$E$1441,"browser chrome131",Exp4!$A$2:$A$1441,"1280-off")) | C4: =IF(COUNTIFS(Exp4!$E$2:$E$1441,"browser chrome131",Exp4!$A$2:$A$1441,"1280-on")=0,"",COUNTIFS(Exp4!$E$2:$E$1441,"browser chrome131",Exp4!$A$2:$A$1441,"1280-on",Exp4!$P$2:$P$1441,TRUE)/COUNTIFS(Exp4!$E$2:$E$1441,"browser chrome131",Exp4!$A$2:$A$1441,"1280-on")) | D4: =IF(COUNTIFS(Exp4!$E$2:$E$1441,"browser chrome131",Exp4!$A$2:$A$1441,"1400-on")=0,"",COUNTIFS(Exp4!$E$2:$E$1441,"browser chrome131",Exp4!$A$2:$A$1441,"1400-on",Exp4!$P$2:$P$1441,TRUE)/COUNTIFS(Exp4!$E$2:$E$1441,"browser chrome131",Exp4!$A$2:$A$1441,"1400-on")) | E4: =IF(COUNTIFS(Exp4!$E$2:$E$1441,"browser chrome131",Exp4!$A$2:$A$1441,"1460-on")=0,"",COUNTIFS(Exp4!$E$2:$E$1441,"browser chrome131",Exp4!$A$2:$A$1441,"1460-on",Exp4!$P$2:$P$1441,TRUE)/COUNTIFS(Exp4!$E$2:$E$1441,"browser chrome131",Exp4!$A$2:$A$1441,"1460-on")) | F4: =IF(COUNTIFS(Exp4!$E$2:$E$1441,"browser chrome131",Exp4!$A$2:$A$1441,"1500-off")=0,"",COUNTIFS(Exp4!$E$2:$E$1441,"browser chrome131",Exp4!$A$2:$A$1441,"1500-off",Exp4!$P$2:$P$1441,TRUE)/COUNTIFS(Exp4!$E$2:$E$1441,"browser chrome131",Exp4!$A$2:$A$1441,"1500-off")) | G4: =IF(COUNTIFS(Exp4!$E$2:$E$1441,"browser chrome131",Exp4!$A$2:$A$1441,"1500-on")=0,"",COUNTIFS(Exp4!$E$2:$E$1441,"browser chrome131",Exp4!$A$2:$A$1441,"1500-on",Exp4!$P$2:$P$1441,TRUE)/COUNTIFS(Exp4!$E$2:$E$1441,"browser chrome131",Exp4!$A$2:$A$1441,"1500-on"))
A5: browser chrome150 | B5: =IF(COUNTIFS(Exp4!$E$2:$E$1441,"browser chrome150",Exp4!$A$2:$A$1441,"1280-off")=0,"",COUNTIFS(Exp4!$E$2:$E$1441,"browser chrome150",Exp4!$A$2:$A$1441,"1280-off",Exp4!$P$2:$P$1441,TRUE)/COUNTIFS(Exp4!$E$2:$E$1441,"browser chrome150",Exp4!$A$2:$A$1441,"1280-off")) | C5: =IF(COUNTIFS(Exp4!$E$2:$E$1441,"browser chrome150",Exp4!$A$2:$A$1441,"1280-on")=0,"",COUNTIFS(Exp4!$E$2:$E$1441,"browser chrome150",Exp4!$A$2:$A$1441,"1280-on",Exp4!$P$2:$P$1441,TRUE)/COUNTIFS(Exp4!$E$2:$E$1441,"browser chrome150",Exp4!$A$2:$A$1441,"1280-on")) | D5: =IF(COUNTIFS(Exp4!$E$2:$E$1441,"browser chrome150",Exp4!$A$2:$A$1441,"1400-on")=0,"",COUNTIFS(Exp4!$E$2:$E$1441,"browser chrome150",Exp4!$A$2:$A$1441,"1400-on",Exp4!$P$2:$P$1441,TRUE)/COUNTIFS(Exp4!$E$2:$E$1441,"browser chrome150",Exp4!$A$2:$A$1441,"1400-on")) | E5: =IF(COUNTIFS(Exp4!$E$2:$E$1441,"browser chrome150",Exp4!$A$2:$A$1441,"1460-on")=0,"",COUNTIFS(Exp4!$E$2:$E$1441,"browser chrome150",Exp4!$A$2:$A$1441,"1460-on",Exp4!$P$2:$P$1441,TRUE)/COUNTIFS(Exp4!$E$2:$E$1441,"browser chrome150",Exp4!$A$2:$A$1441,"1460-on")) | F5: =IF(COUNTIFS(Exp4!$E$2:$E$1441,"browser chrome150",Exp4!$A$2:$A$1441,"1500-off")=0,"",COUNTIFS(Exp4!$E$2:$E$1441,"browser chrome150",Exp4!$A$2:$A$1441,"1500-off",Exp4!$P$2:$P$1441,TRUE)/COUNTIFS(Exp4!$E$2:$E$1441,"browser chrome150",Exp4!$A$2:$A$1441,"1500-off")) | G5: =IF(COUNTIFS(Exp4!$E$2:$E$1441,"browser chrome150",Exp4!$A$2:$A$1441,"1500-on")=0,"",COUNTIFS(Exp4!$E$2:$E$1441,"browser chrome150",Exp4!$A$2:$A$1441,"1500-on",Exp4!$P$2:$P$1441,TRUE)/COUNTIFS(Exp4!$E$2:$E$1441,"browser chrome150",Exp4!$A$2:$A$1441,"1500-on"))
A6: browser edge101 | B6: =IF(COUNTIFS(Exp4!$E$2:$E$1441,"browser edge101",Exp4!$A$2:$A$1441,"1280-off")=0,"",COUNTIFS(Exp4!$E$2:$E$1441,"browser edge101",Exp4!$A$2:$A$1441,"1280-off",Exp4!$P$2:$P$1441,TRUE)/COUNTIFS(Exp4!$E$2:$E$1441,"browser edge101",Exp4!$A$2:$A$1441,"1280-off")) | C6: =IF(COUNTIFS(Exp4!$E$2:$E$1441,"browser edge101",Exp4!$A$2:$A$1441,"1280-on")=0,"",COUNTIFS(Exp4!$E$2:$E$1441,"browser edge101",Exp4!$A$2:$A$1441,"1280-on",Exp4!$P$2:$P$1441,TRUE)/COUNTIFS(Exp4!$E$2:$E$1441,"browser edge101",Exp4!$A$2:$A$1441,"1280-on")) | D6: =IF(COUNTIFS(Exp4!$E$2:$E$1441,"browser edge101",Exp4!$A$2:$A$1441,"1400-on")=0,"",COUNTIFS(Exp4!$E$2:$E$1441,"browser edge101",Exp4!$A$2:$A$1441,"1400-on",Exp4!$P$2:$P$1441,TRUE)/COUNTIFS(Exp4!$E$2:$E$1441,"browser edge101",Exp4!$A$2:$A$1441,"1400-on")) | E6: =IF(COUNTIFS(Exp4!$E$2:$E$1441,"browser edge101",Exp4!$A$2:$A$1441,"1460-on")=0,"",COUNTIFS(Exp4!$E$2:$E$1441,"browser edge101",Exp4!$A$2:$A$1441,"1460-on",Exp4!$P$2:$P$1441,TRUE)/COUNTIFS(Exp4!$E$2:$E$1441,"browser edge101",Exp4!$A$2:$A$1441,"1460-on")) | F6: =IF(COUNTIFS(Exp4!$E$2:$E$1441,"browser edge101",Exp4!$A$2:$A$1441,"1500-off")=0,"",COUNTIFS(Exp4!$E$2:$E$1441,"browser edge101",Exp4!$A$2:$A$1441,"1500-off",Exp4!$P$2:$P$1441,TRUE)/COUNTIFS(Exp4!$E$2:$E$1441,"browser edge101",Exp4!$A$2:$A$1441,"1500-off")) | G6: =IF(COUNTIFS(Exp4!$E$2:$E$1441,"browser edge101",Exp4!$A$2:$A$1441,"1500-on")=0,"",COUNTIFS(Exp4!$E$2:$E$1441,"browser edge101",Exp4!$A$2:$A$1441,"1500-on",Exp4!$P$2:$P$1441,TRUE)/COUNTIFS(Exp4!$E$2:$E$1441,"browser edge101",Exp4!$A$2:$A$1441,"1500-on"))
A7: browser firefox133 | B7: =IF(COUNTIFS(Exp4!$E$2:$E$1441,"browser firefox133",Exp4!$A$2:$A$1441,"1280-off")=0,"",COUNTIFS(Exp4!$E$2:$E$1441,"browser firefox133",Exp4!$A$2:$A$1441,"1280-off",Exp4!$P$2:$P$1441,TRUE)/COUNTIFS(Exp4!$E$2:$E$1441,"browser firefox133",Exp4!$A$2:$A$1441,"1280-off")) | C7: =IF(COUNTIFS(Exp4!$E$2:$E$1441,"browser firefox133",Exp4!$A$2:$A$1441,"1280-on")=0,"",COUNTIFS(Exp4!$E$2:$E$1441,"browser firefox133",Exp4!$A$2:$A$1441,"1280-on",Exp4!$P$2:$P$1441,TRUE)/COUNTIFS(Exp4!$E$2:$E$1441,"browser firefox133",Exp4!$A$2:$A$1441,"1280-on")) | D7: =IF(COUNTIFS(Exp4!$E$2:$E$1441,"browser firefox133",Exp4!$A$2:$A$1441,"1400-on")=0,"",COUNTIFS(Exp4!$E$2:$E$1441,"browser firefox133",Exp4!$A$2:$A$1441,"1400-on",Exp4!$P$2:$P$1441,TRUE)/COUNTIFS(Exp4!$E$2:$E$1441,"browser firefox133",Exp4!$A$2:$A$1441,"1400-on")) | E7: =IF(COUNTIFS(Exp4!$E$2:$E$1441,"browser firefox133",Exp4!$A$2:$A$1441,"1460-on")=0,"",COUNTIFS(Exp4!$E$2:$E$1441,"browser firefox133",Exp4!$A$2:$A$1441,"1460-on",Exp4!$P$2:$P$1441,TRUE)/COUNTIFS(Exp4!$E$2:$E$1441,"browser firefox133",Exp4!$A$2:$A$1441,"1460-on")) | F7: =IF(COUNTIFS(Exp4!$E$2:$E$1441,"browser firefox133",Exp4!$A$2:$A$1441,"1500-off")=0,"",COUNTIFS(Exp4!$E$2:$E$1441,"browser firefox133",Exp4!$A$2:$A$1441,"1500-off",Exp4!$P$2:$P$1441,TRUE)/COUNTIFS(Exp4!$E$2:$E$1441,"browser firefox133",Exp4!$A$2:$A$1441,"1500-off")) | G7: =IF(COUNTIFS(Exp4!$E$2:$E$1441,"browser firefox133",Exp4!$A$2:$A$1441,"1500-on")=0,"",COUNTIFS(Exp4!$E$2:$E$1441,"browser firefox133",Exp4!$A$2:$A$1441,"1500-on",Exp4!$P$2:$P$1441,TRUE)/COUNTIFS(Exp4!$E$2:$E$1441,"browser firefox133",Exp4!$A$2:$A$1441,"1500-on"))
A8: browser firefox147 | B8: =IF(COUNTIFS(Exp4!$E$2:$E$1441,"browser firefox147",Exp4!$A$2:$A$1441,"1280-off")=0,"",COUNTIFS(Exp4!$E$2:$E$1441,"browser firefox147",Exp4!$A$2:$A$1441,"1280-off",Exp4!$P$2:$P$1441,TRUE)/COUNTIFS(Exp4!$E$2:$E$1441,"browser firefox147",Exp4!$A$2:$A$1441,"1280-off")) | C8: =IF(COUNTIFS(Exp4!$E$2:$E$1441,"browser firefox147",Exp4!$A$2:$A$1441,"1280-on")=0,"",COUNTIFS(Exp4!$E$2:$E$1441,"browser firefox147",Exp4!$A$2:$A$1441,"1280-on",Exp4!$P$2:$P$1441,TRUE)/COUNTIFS(Exp4!$E$2:$E$1441,"browser firefox147",Exp4!$A$2:$A$1441,"1280-on")) | D8: =IF(COUNTIFS(Exp4!$E$2:$E$1441,"browser firefox147",Exp4!$A$2:$A$1441,"1400-on")=0,"",COUNTIFS(Exp4!$E$2:$E$1441,"browser firefox147",Exp4!$A$2:$A$1441,"1400-on",Exp4!$P$2:$P$1441,TRUE)/COUNTIFS(Exp4!$E$2:$E$1441,"browser firefox147",Exp4!$A$2:$A$1441,"1400-on")) | E8: =IF(COUNTIFS(Exp4!$E$2:$E$1441,"browser firefox147",Exp4!$A$2:$A$1441,"1460-on")=0,"",COUNTIFS(Exp4!$E$2:$E$1441,"browser firefox147",Exp4!$A$2:$A$1441,"1460-on",Exp4!$P$2:$P$1441,TRUE)/COUNTIFS(Exp4!$E$2:$E$1441,"browser firefox147",Exp4!$A$2:$A$1441,"1460-on")) | F8: =IF(COUNTIFS(Exp4!$E$2:$E$1441,"browser firefox147",Exp4!$A$2:$A$1441,"1500-off")=0,"",COUNTIFS(Exp4!$E$2:$E$1441,"browser firefox147",Exp4!$A$2:$A$1441,"1500-off",Exp4!$P$2:$P$1441,TRUE)/COUNTIFS(Exp4!$E$2:$E$1441,"browser firefox147",Exp4!$A$2:$A$1441,"1500-off")) | G8: =IF(COUNTIFS(Exp4!$E$2:$E$1441,"browser firefox147",Exp4!$A$2:$A$1441,"1500-on")=0,"",COUNTIFS(Exp4!$E$2:$E$1441,"browser firefox147",Exp4!$A$2:$A$1441,"1500-on",Exp4!$P$2:$P$1441,TRUE)/COUNTIFS(Exp4!$E$2:$E$1441,"browser firefox147",Exp4!$A$2:$A$1441,"1500-on"))
A9: browser safari184 | B9: =IF(COUNTIFS(Exp4!$E$2:$E$1441,"browser safari184",Exp4!$A$2:$A$1441,"1280-off")=0,"",COUNTIFS(Exp4!$E$2:$E$1441,"browser safari184",Exp4!$A$2:$A$1441,"1280-off",Exp4!$P$2:$P$1441,TRUE)/COUNTIFS(Exp4!$E$2:$E$1441,"browser safari184",Exp4!$A$2:$A$1441,"1280-off")) | C9: =IF(COUNTIFS(Exp4!$E$2:$E$1441,"browser safari184",Exp4!$A$2:$A$1441,"1280-on")=0,"",COUNTIFS(Exp4!$E$2:$E$1441,"browser safari184",Exp4!$A$2:$A$1441,"1280-on",Exp4!$P$2:$P$1441,TRUE)/COUNTIFS(Exp4!$E$2:$E$1441,"browser safari184",Exp4!$A$2:$A$1441,"1280-on")) | D9: =IF(COUNTIFS(Exp4!$E$2:$E$1441,"browser safari184",Exp4!$A$2:$A$1441,"1400-on")=0,"",COUNTIFS(Exp4!$E$2:$E$1441,"browser safari184",Exp4!$A$2:$A$1441,"1400-on",Exp4!$P$2:$P$1441,TRUE)/COUNTIFS(Exp4!$E$2:$E$1441,"browser safari184",Exp4!$A$2:$A$1441,"1400-on")) | E9: =IF(COUNTIFS(Exp4!$E$2:$E$1441,"browser safari184",Exp4!$A$2:$A$1441,"1460-on")=0,"",COUNTIFS(Exp4!$E$2:$E$1441,"browser safari184",Exp4!$A$2:$A$1441,"1460-on",Exp4!$P$2:$P$1441,TRUE)/COUNTIFS(Exp4!$E$2:$E$1441,"browser safari184",Exp4!$A$2:$A$1441,"1460-on")) | F9: =IF(COUNTIFS(Exp4!$E$2:$E$1441,"browser safari184",Exp4!$A$2:$A$1441,"1500-off")=0,"",COUNTIFS(Exp4!$E$2:$E$1441,"browser safari184",Exp4!$A$2:$A$1441,"1500-off",Exp4!$P$2:$P$1441,TRUE)/COUNTIFS(Exp4!$E$2:$E$1441,"browser safari184",Exp4!$A$2:$A$1441,"1500-off")) | G9: =IF(COUNTIFS(Exp4!$E$2:$E$1441,"browser safari184",Exp4!$A$2:$A$1441,"1500-on")=0,"",COUNTIFS(Exp4!$E$2:$E$1441,"browser safari184",Exp4!$A$2:$A$1441,"1500-on",Exp4!$P$2:$P$1441,TRUE)/COUNTIFS(Exp4!$E$2:$E$1441,"browser safari184",Exp4!$A$2:$A$1441,"1500-on"))
A10: browser safari260 | B10: =IF(COUNTIFS(Exp4!$E$2:$E$1441,"browser safari260",Exp4!$A$2:$A$1441,"1280-off")=0,"",COUNTIFS(Exp4!$E$2:$E$1441,"browser safari260",Exp4!$A$2:$A$1441,"1280-off",Exp4!$P$2:$P$1441,TRUE)/COUNTIFS(Exp4!$E$2:$E$1441,"browser safari260",Exp4!$A$2:$A$1441,"1280-off")) | C10: =IF(COUNTIFS(Exp4!$E$2:$E$1441,"browser safari260",Exp4!$A$2:$A$1441,"1280-on")=0,"",COUNTIFS(Exp4!$E$2:$E$1441,"browser safari260",Exp4!$A$2:$A$1441,"1280-on",Exp4!$P$2:$P$1441,TRUE)/COUNTIFS(Exp4!$E$2:$E$1441,"browser safari260",Exp4!$A$2:$A$1441,"1280-on")) | D10: =IF(COUNTIFS(Exp4!$E$2:$E$1441,"browser safari260",Exp4!$A$2:$A$1441,"1400-on")=0,"",COUNTIFS(Exp4!$E$2:$E$1441,"browser safari260",Exp4!$A$2:$A$1441,"1400-on",Exp4!$P$2:$P$1441,TRUE)/COUNTIFS(Exp4!$E$2:$E$1441,"browser safari260",Exp4!$A$2:$A$1441,"1400-on")) | E10: =IF(COUNTIFS(Exp4!$E$2:$E$1441,"browser safari260",Exp4!$A$2:$A$1441,"1460-on")=0,"",COUNTIFS(Exp4!$E$2:$E$1441,"browser safari260",Exp4!$A$2:$A$1441,"1460-on",Exp4!$P$2:$P$1441,TRUE)/COUNTIFS(Exp4!$E$2:$E$1441,"browser safari260",Exp4!$A$2:$A$1441,"1460-on")) | F10: =IF(COUNTIFS(Exp4!$E$2:$E$1441,"browser safari260",Exp4!$A$2:$A$1441,"1500-off")=0,"",COUNTIFS(Exp4!$E$2:$E$1441,"browser safari260",Exp4!$A$2:$A$1441,"1500-off",Exp4!$P$2:$P$1441,TRUE)/COUNTIFS(Exp4!$E$2:$E$1441,"browser safari260",Exp4!$A$2:$A$1441,"1500-off")) | G10: =IF(COUNTIFS(Exp4!$E$2:$E$1441,"browser safari260",Exp4!$A$2:$A$1441,"1500-on")=0,"",COUNTIFS(Exp4!$E$2:$E$1441,"browser safari260",Exp4!$A$2:$A$1441,"1500-on",Exp4!$P$2:$P$1441,TRUE)/COUNTIFS(Exp4!$E$2:$E$1441,"browser safari260",Exp4!$A$2:$A$1441,"1500-on"))
A11: browser safari260_ios | B11: =IF(COUNTIFS(Exp4!$E$2:$E$1441,"browser safari260_ios",Exp4!$A$2:$A$1441,"1280-off")=0,"",COUNTIFS(Exp4!$E$2:$E$1441,"browser safari260_ios",Exp4!$A$2:$A$1441,"1280-off",Exp4!$P$2:$P$1441,TRUE)/COUNTIFS(Exp4!$E$2:$E$1441,"browser safari260_ios",Exp4!$A$2:$A$1441,"1280-off")) | C11: =IF(COUNTIFS(Exp4!$E$2:$E$1441,"browser safari260_ios",Exp4!$A$2:$A$1441,"1280-on")=0,"",COUNTIFS(Exp4!$E$2:$E$1441,"browser safari260_ios",Exp4!$A$2:$A$1441,"1280-on",Exp4!$P$2:$P$1441,TRUE)/COUNTIFS(Exp4!$E$2:$E$1441,"browser safari260_ios",Exp4!$A$2:$A$1441,"1280-on")) | D11: =IF(COUNTIFS(Exp4!$E$2:$E$1441,"browser safari260_ios",Exp4!$A$2:$A$1441,"1400-on")=0,"",COUNTIFS(Exp4!$E$2:$E$1441,"browser safari260_ios",Exp4!$A$2:$A$1441,"1400-on",Exp4!$P$2:$P$1441,TRUE)/COUNTIFS(Exp4!$E$2:$E$1441,"browser safari260_ios",Exp4!$A$2:$A$1441,"1400-on")) | E11: =IF(COUNTIFS(Exp4!$E$2:$E$1441,"browser safari260_ios",Exp4!$A$2:$A$1441,"1460-on")=0,"",COUNTIFS(Exp4!$E$2:$E$1441,"browser safari260_ios",Exp4!$A$2:$A$1441,"1460-on",Exp4!$P$2:$P$1441,TRUE)/COUNTIFS(Exp4!$E$2:$E$1441,"browser safari260_ios",Exp4!$A$2:$A$1441,"1460-on")) | F11: =IF(COUNTIFS(Exp4!$E$2:$E$1441,"browser safari260_ios",Exp4!$A$2:$A$1441,"1500-off")=0,"",COUNTIFS(Exp4!$E$2:$E$1441,"browser safari260_ios",Exp4!$A$2:$A$1441,"1500-off",Exp4!$P$2:$P$1441,TRUE)/COUNTIFS(Exp4!$E$2:$E$1441,"browser safari260_ios",Exp4!$A$2:$A$1441,"1500-off")) | G11: =IF(COUNTIFS(Exp4!$E$2:$E$1441,"browser safari260_ios",Exp4!$A$2:$A$1441,"1500-on")=0,"",COUNTIFS(Exp4!$E$2:$E$1441,"browser safari260_ios",Exp4!$A$2:$A$1441,"1500-on",Exp4!$P$2:$P$1441,TRUE)/COUNTIFS(Exp4!$E$2:$E$1441,"browser safari260_ios",Exp4!$A$2:$A$1441,"1500-on"))
A12: browser tor145 | B12: =IF(COUNTIFS(Exp4!$E$2:$E$1441,"browser tor145",Exp4!$A$2:$A$1441,"1280-off")=0,"",COUNTIFS(Exp4!$E$2:$E$1441,"browser tor145",Exp4!$A$2:$A$1441,"1280-off",Exp4!$P$2:$P$1441,TRUE)/COUNTIFS(Exp4!$E$2:$E$1441,"browser tor145",Exp4!$A$2:$A$1441,"1280-off")) | C12: =IF(COUNTIFS(Exp4!$E$2:$E$1441,"browser tor145",Exp4!$A$2:$A$1441,"1280-on")=0,"",COUNTIFS(Exp4!$E$2:$E$1441,"browser tor145",Exp4!$A$2:$A$1441,"1280-on",Exp4!$P$2:$P$1441,TRUE)/COUNTIFS(Exp4!$E$2:$E$1441,"browser tor145",Exp4!$A$2:$A$1441,"1280-on")) | D12: =IF(COUNTIFS(Exp4!$E$2:$E$1441,"browser tor145",Exp4!$A$2:$A$1441,"1400-on")=0,"",COUNTIFS(Exp4!$E$2:$E$1441,"browser tor145",Exp4!$A$2:$A$1441,"1400-on",Exp4!$P$2:$P$1441,TRUE)/COUNTIFS(Exp4!$E$2:$E$1441,"browser tor145",Exp4!$A$2:$A$1441,"1400-on")) | E12: =IF(COUNTIFS(Exp4!$E$2:$E$1441,"browser tor145",Exp4!$A$2:$A$1441,"1460-on")=0,"",COUNTIFS(Exp4!$E$2:$E$1441,"browser tor145",Exp4!$A$2:$A$1441,"1460-on",Exp4!$P$2:$P$1441,TRUE)/COUNTIFS(Exp4!$E$2:$E$1441,"browser tor145",Exp4!$A$2:$A$1441,"1460-on")) | F12: =IF(COUNTIFS(Exp4!$E$2:$E$1441,"browser tor145",Exp4!$A$2:$A$1441,"1500-off")=0,"",COUNTIFS(Exp4!$E$2:$E$1441,"browser tor145",Exp4!$A$2:$A$1441,"1500-off",Exp4!$P$2:$P$1441,TRUE)/COUNTIFS(Exp4!$E$2:$E$1441,"browser tor145",Exp4!$A$2:$A$1441,"1500-off")) | G12: =IF(COUNTIFS(Exp4!$E$2:$E$1441,"browser tor145",Exp4!$A$2:$A$1441,"1500-on")=0,"",COUNTIFS(Exp4!$E$2:$E$1441,"browser tor145",Exp4!$A$2:$A$1441,"1500-on",Exp4!$P$2:$P$1441,TRUE)/COUNTIFS(Exp4!$E$2:$E$1441,"browser tor145",Exp4!$A$2:$A$1441,"1500-on"))
A13: curl 8.22 (OpenSSL 3.5.8) | B13: =IF(COUNTIFS(Exp4!$E$2:$E$1441,"curl 8.22 (OpenSSL 3.5.8)",Exp4!$A$2:$A$1441,"1280-off")=0,"",COUNTIFS(Exp4!$E$2:$E$1441,"curl 8.22 (OpenSSL 3.5.8)",Exp4!$A$2:$A$1441,"1280-off",Exp4!$P$2:$P$1441,TRUE)/COUNTIFS(Exp4!$E$2:$E$1441,"curl 8.22 (OpenSSL 3.5.8)",Exp4!$A$2:$A$1441,"1280-off")) | C13: =IF(COUNTIFS(Exp4!$E$2:$E$1441,"curl 8.22 (OpenSSL 3.5.8)",Exp4!$A$2:$A$1441,"1280-on")=0,"",COUNTIFS(Exp4!$E$2:$E$1441,"curl 8.22 (OpenSSL 3.5.8)",Exp4!$A$2:$A$1441,"1280-on",Exp4!$P$2:$P$1441,TRUE)/COUNTIFS(Exp4!$E$2:$E$1441,"curl 8.22 (OpenSSL 3.5.8)",Exp4!$A$2:$A$1441,"1280-on")) | D13: =IF(COUNTIFS(Exp4!$E$2:$E$1441,"curl 8.22 (OpenSSL 3.5.8)",Exp4!$A$2:$A$1441,"1400-on")=0,"",COUNTIFS(Exp4!$E$2:$E$1441,"curl 8.22 (OpenSSL 3.5.8)",Exp4!$A$2:$A$1441,"1400-on",Exp4!$P$2:$P$1441,TRUE)/COUNTIFS(Exp4!$E$2:$E$1441,"curl 8.22 (OpenSSL 3.5.8)",Exp4!$A$2:$A$1441,"1400-on")) | E13: =IF(COUNTIFS(Exp4!$E$2:$E$1441,"curl 8.22 (OpenSSL 3.5.8)",Exp4!$A$2:$A$1441,"1460-on")=0,"",COUNTIFS(Exp4!$E$2:$E$1441,"curl 8.22 (OpenSSL 3.5.8)",Exp4!$A$2:$A$1441,"1460-on",Exp4!$P$2:$P$1441,TRUE)/COUNTIFS(Exp4!$E$2:$E$1441,"curl 8.22 (OpenSSL 3.5.8)",Exp4!$A$2:$A$1441,"1460-on")) | F13: =IF(COUNTIFS(Exp4!$E$2:$E$1441,"curl 8.22 (OpenSSL 3.5.8)",Exp4!$A$2:$A$1441,"1500-off")=0,"",COUNTIFS(Exp4!$E$2:$E$1441,"curl 8.22 (OpenSSL 3.5.8)",Exp4!$A$2:$A$1441,"1500-off",Exp4!$P$2:$P$1441,TRUE)/COUNTIFS(Exp4!$E$2:$E$1441,"curl 8.22 (OpenSSL 3.5.8)",Exp4!$A$2:$A$1441,"1500-off")) | G13: =IF(COUNTIFS(Exp4!$E$2:$E$1441,"curl 8.22 (OpenSSL 3.5.8)",Exp4!$A$2:$A$1441,"1500-on")=0,"",COUNTIFS(Exp4!$E$2:$E$1441,"curl 8.22 (OpenSSL 3.5.8)",Exp4!$A$2:$A$1441,"1500-on",Exp4!$P$2:$P$1441,TRUE)/COUNTIFS(Exp4!$E$2:$E$1441,"curl 8.22 (OpenSSL 3.5.8)",Exp4!$A$2:$A$1441,"1500-on"))
A14: go 1.27 net/http (crypto/tls) | B14: =IF(COUNTIFS(Exp4!$E$2:$E$1441,"go 1.27 net/http (crypto/tls)",Exp4!$A$2:$A$1441,"1280-off")=0,"",COUNTIFS(Exp4!$E$2:$E$1441,"go 1.27 net/http (crypto/tls)",Exp4!$A$2:$A$1441,"1280-off",Exp4!$P$2:$P$1441,TRUE)/COUNTIFS(Exp4!$E$2:$E$1441,"go 1.27 net/http (crypto/tls)",Exp4!$A$2:$A$1441,"1280-off")) | C14: =IF(COUNTIFS(Exp4!$E$2:$E$1441,"go 1.27 net/http (crypto/tls)",Exp4!$A$2:$A$1441,"1280-on")=0,"",COUNTIFS(Exp4!$E$2:$E$1441,"go 1.27 net/http (crypto/tls)",Exp4!$A$2:$A$1441,"1280-on",Exp4!$P$2:$P$1441,TRUE)/COUNTIFS(Exp4!$E$2:$E$1441,"go 1.27 net/http (crypto/tls)",Exp4!$A$2:$A$1441,"1280-on")) | D14: =IF(COUNTIFS(Exp4!$E$2:$E$1441,"go 1.27 net/http (crypto/tls)",Exp4!$A$2:$A$1441,"1400-on")=0,"",COUNTIFS(Exp4!$E$2:$E$1441,"go 1.27 net/http (crypto/tls)",Exp4!$A$2:$A$1441,"1400-on",Exp4!$P$2:$P$1441,TRUE)/COUNTIFS(Exp4!$E$2:$E$1441,"go 1.27 net/http (crypto/tls)",Exp4!$A$2:$A$1441,"1400-on")) | E14: =IF(COUNTIFS(Exp4!$E$2:$E$1441,"go 1.27 net/http (crypto/tls)",Exp4!$A$2:$A$1441,"1460-on")=0,"",COUNTIFS(Exp4!$E$2:$E$1441,"go 1.27 net/http (crypto/tls)",Exp4!$A$2:$A$1441,"1460-on",Exp4!$P$2:$P$1441,TRUE)/COUNTIFS(Exp4!$E$2:$E$1441,"go 1.27 net/http (crypto/tls)",Exp4!$A$2:$A$1441,"1460-on")) | F14: =IF(COUNTIFS(Exp4!$E$2:$E$1441,"go 1.27 net/http (crypto/tls)",Exp4!$A$2:$A$1441,"1500-off")=0,"",COUNTIFS(Exp4!$E$2:$E$1441,"go 1.27 net/http (crypto/tls)",Exp4!$A$2:$A$1441,"1500-off",Exp4!$P$2:$P$1441,TRUE)/COUNTIFS(Exp4!$E$2:$E$1441,"go 1.27 net/http (crypto/tls)",Exp4!$A$2:$A$1441,"1500-off")) | G14: =IF(COUNTIFS(Exp4!$E$2:$E$1441,"go 1.27 net/http (crypto/tls)",Exp4!$A$2:$A$1441,"1500-on")=0,"",COUNTIFS(Exp4!$E$2:$E$1441,"go 1.27 net/http (crypto/tls)",Exp4!$A$2:$A$1441,"1500-on",Exp4!$P$2:$P$1441,TRUE)/COUNTIFS(Exp4!$E$2:$E$1441,"go 1.27 net/http (crypto/tls)",Exp4!$A$2:$A$1441,"1500-on"))
A15: node 26 https (OpenSSL 3.5.8) | B15: =IF(COUNTIFS(Exp4!$E$2:$E$1441,"node 26 https (OpenSSL 3.5.8)",Exp4!$A$2:$A$1441,"1280-off")=0,"",COUNTIFS(Exp4!$E$2:$E$1441,"node 26 https (OpenSSL 3.5.8)",Exp4!$A$2:$A$1441,"1280-off",Exp4!$P$2:$P$1441,TRUE)/COUNTIFS(Exp4!$E$2:$E$1441,"node 26 https (OpenSSL 3.5.8)",Exp4!$A$2:$A$1441,"1280-off")) | C15: =IF(COUNTIFS(Exp4!$E$2:$E$1441,"node 26 https (OpenSSL 3.5.8)",Exp4!$A$2:$A$1441,"1280-on")=0,"",COUNTIFS(Exp4!$E$2:$E$1441,"node 26 https (OpenSSL 3.5.8)",Exp4!$A$2:$A$1441,"1280-on",Exp4!$P$2:$P$1441,TRUE)/COUNTIFS(Exp4!$E$2:$E$1441,"node 26 https (OpenSSL 3.5.8)",Exp4!$A$2:$A$1441,"1280-on")) | D15: =IF(COUNTIFS(Exp4!$E$2:$E$1441,"node 26 https (OpenSSL 3.5.8)",Exp4!$A$2:$A$1441,"1400-on")=0,"",COUNTIFS(Exp4!$E$2:$E$1441,"node 26 https (OpenSSL 3.5.8)",Exp4!$A$2:$A$1441,"1400-on",Exp4!$P$2:$P$1441,TRUE)/COUNTIFS(Exp4!$E$2:$E$1441,"node 26 https (OpenSSL 3.5.8)",Exp4!$A$2:$A$1441,"1400-on")) | E15: =IF(COUNTIFS(Exp4!$E$2:$E$1441,"node 26 https (OpenSSL 3.5.8)",Exp4!$A$2:$A$1441,"1460-on")=0,"",COUNTIFS(Exp4!$E$2:$E$1441,"node 26 https (OpenSSL 3.5.8)",Exp4!$A$2:$A$1441,"1460-on",Exp4!$P$2:$P$1441,TRUE)/COUNTIFS(Exp4!$E$2:$E$1441,"node 26 https (OpenSSL 3.5.8)",Exp4!$A$2:$A$1441,"1460-on")) | F15: =IF(COUNTIFS(Exp4!$E$2:$E$1441,"node 26 https (OpenSSL 3.5.8)",Exp4!$A$2:$A$1441,"1500-off")=0,"",COUNTIFS(Exp4!$E$2:$E$1441,"node 26 https (OpenSSL 3.5.8)",Exp4!$A$2:$A$1441,"1500-off",Exp4!$P$2:$P$1441,TRUE)/COUNTIFS(Exp4!$E$2:$E$1441,"node 26 https (OpenSSL 3.5.8)",Exp4!$A$2:$A$1441,"1500-off")) | G15: =IF(COUNTIFS(Exp4!$E$2:$E$1441,"node 26 https (OpenSSL 3.5.8)",Exp4!$A$2:$A$1441,"1500-on")=0,"",COUNTIFS(Exp4!$E$2:$E$1441,"node 26 https (OpenSSL 3.5.8)",Exp4!$A$2:$A$1441,"1500-on",Exp4!$P$2:$P$1441,TRUE)/COUNTIFS(Exp4!$E$2:$E$1441,"node 26 https (OpenSSL 3.5.8)",Exp4!$A$2:$A$1441,"1500-on"))
A16: openssl 3.5.8 default | B16: =IF(COUNTIFS(Exp4!$E$2:$E$1441,"openssl 3.5.8 default",Exp4!$A$2:$A$1441,"1280-off")=0,"",COUNTIFS(Exp4!$E$2:$E$1441,"openssl 3.5.8 default",Exp4!$A$2:$A$1441,"1280-off",Exp4!$P$2:$P$1441,TRUE)/COUNTIFS(Exp4!$E$2:$E$1441,"openssl 3.5.8 default",Exp4!$A$2:$A$1441,"1280-off")) | C16: =IF(COUNTIFS(Exp4!$E$2:$E$1441,"openssl 3.5.8 default",Exp4!$A$2:$A$1441,"1280-on")=0,"",COUNTIFS(Exp4!$E$2:$E$1441,"openssl 3.5.8 default",Exp4!$A$2:$A$1441,"1280-on",Exp4!$P$2:$P$1441,TRUE)/COUNTIFS(Exp4!$E$2:$E$1441,"openssl 3.5.8 default",Exp4!$A$2:$A$1441,"1280-on")) | D16: =IF(COUNTIFS(Exp4!$E$2:$E$1441,"openssl 3.5.8 default",Exp4!$A$2:$A$1441,"1400-on")=0,"",COUNTIFS(Exp4!$E$2:$E$1441,"openssl 3.5.8 default",Exp4!$A$2:$A$1441,"1400-on",Exp4!$P$2:$P$1441,TRUE)/COUNTIFS(Exp4!$E$2:$E$1441,"openssl 3.5.8 default",Exp4!$A$2:$A$1441,"1400-on")) | E16: =IF(COUNTIFS(Exp4!$E$2:$E$1441,"openssl 3.5.8 default",Exp4!$A$2:$A$1441,"1460-on")=0,"",COUNTIFS(Exp4!$E$2:$E$1441,"openssl 3.5.8 default",Exp4!$A$2:$A$1441,"1460-on",Exp4!$P$2:$P$1441,TRUE)/COUNTIFS(Exp4!$E$2:$E$1441,"openssl 3.5.8 default",Exp4!$A$2:$A$1441,"1460-on")) | F16: =IF(COUNTIFS(Exp4!$E$2:$E$1441,"openssl 3.5.8 default",Exp4!$A$2:$A$1441,"1500-off")=0,"",COUNTIFS(Exp4!$E$2:$E$1441,"openssl 3.5.8 default",Exp4!$A$2:$A$1441,"1500-off",Exp4!$P$2:$P$1441,TRUE)/COUNTIFS(Exp4!$E$2:$E$1441,"openssl 3.5.8 default",Exp4!$A$2:$A$1441,"1500-off")) | G16: =IF(COUNTIFS(Exp4!$E$2:$E$1441,"openssl 3.5.8 default",Exp4!$A$2:$A$1441,"1500-on")=0,"",COUNTIFS(Exp4!$E$2:$E$1441,"openssl 3.5.8 default",Exp4!$A$2:$A$1441,"1500-on",Exp4!$P$2:$P$1441,TRUE)/COUNTIFS(Exp4!$E$2:$E$1441,"openssl 3.5.8 default",Exp4!$A$2:$A$1441,"1500-on"))
A17: openssl MLKEM1024 (pure PQ) | B17: =IF(COUNTIFS(Exp4!$E$2:$E$1441,"openssl MLKEM1024 (pure PQ)",Exp4!$A$2:$A$1441,"1280-off")=0,"",COUNTIFS(Exp4!$E$2:$E$1441,"openssl MLKEM1024 (pure PQ)",Exp4!$A$2:$A$1441,"1280-off",Exp4!$P$2:$P$1441,TRUE)/COUNTIFS(Exp4!$E$2:$E$1441,"openssl MLKEM1024 (pure PQ)",Exp4!$A$2:$A$1441,"1280-off")) | C17: =IF(COUNTIFS(Exp4!$E$2:$E$1441,"openssl MLKEM1024 (pure PQ)",Exp4!$A$2:$A$1441,"1280-on")=0,"",COUNTIFS(Exp4!$E$2:$E$1441,"openssl MLKEM1024 (pure PQ)",Exp4!$A$2:$A$1441,"1280-on",Exp4!$P$2:$P$1441,TRUE)/COUNTIFS(Exp4!$E$2:$E$1441,"openssl MLKEM1024 (pure PQ)",Exp4!$A$2:$A$1441,"1280-on")) | D17: =IF(COUNTIFS(Exp4!$E$2:$E$1441,"openssl MLKEM1024 (pure PQ)",Exp4!$A$2:$A$1441,"1400-on")=0,"",COUNTIFS(Exp4!$E$2:$E$1441,"openssl MLKEM1024 (pure PQ)",Exp4!$A$2:$A$1441,"1400-on",Exp4!$P$2:$P$1441,TRUE)/COUNTIFS(Exp4!$E$2:$E$1441,"openssl MLKEM1024 (pure PQ)",Exp4!$A$2:$A$1441,"1400-on")) | E17: =IF(COUNTIFS(Exp4!$E$2:$E$1441,"openssl MLKEM1024 (pure PQ)",Exp4!$A$2:$A$1441,"1460-on")=0,"",COUNTIFS(Exp4!$E$2:$E$1441,"openssl MLKEM1024 (pure PQ)",Exp4!$A$2:$A$1441,"1460-on",Exp4!$P$2:$P$1441,TRUE)/COUNTIFS(Exp4!$E$2:$E$1441,"openssl MLKEM1024 (pure PQ)",Exp4!$A$2:$A$1441,"1460-on")) | F17: =IF(COUNTIFS(Exp4!$E$2:$E$1441,"openssl MLKEM1024 (pure PQ)",Exp4!$A$2:$A$1441,"1500-off")=0,"",COUNTIFS(Exp4!$E$2:$E$1441,"openssl MLKEM1024 (pure PQ)",Exp4!$A$2:$A$1441,"1500-off",Exp4!$P$2:$P$1441,TRUE)/COUNTIFS(Exp4!$E$2:$E$1441,"openssl MLKEM1024 (pure PQ)",Exp4!$A$2:$A$1441,"1500-off")) | G17: =IF(COUNTIFS(Exp4!$E$2:$E$1441,"openssl MLKEM1024 (pure PQ)",Exp4!$A$2:$A$1441,"1500-on")=0,"",COUNTIFS(Exp4!$E$2:$E$1441,"openssl MLKEM1024 (pure PQ)",Exp4!$A$2:$A$1441,"1500-on",Exp4!$P$2:$P$1441,TRUE)/COUNTIFS(Exp4!$E$2:$E$1441,"openssl MLKEM1024 (pure PQ)",Exp4!$A$2:$A$1441,"1500-on"))
A18: openssl MLKEM768 (pure PQ) | B18: =IF(COUNTIFS(Exp4!$E$2:$E$1441,"openssl MLKEM768 (pure PQ)",Exp4!$A$2:$A$1441,"1280-off")=0,"",COUNTIFS(Exp4!$E$2:$E$1441,"openssl MLKEM768 (pure PQ)",Exp4!$A$2:$A$1441,"1280-off",Exp4!$P$2:$P$1441,TRUE)/COUNTIFS(Exp4!$E$2:$E$1441,"openssl MLKEM768 (pure PQ)",Exp4!$A$2:$A$1441,"1280-off")) | C18: =IF(COUNTIFS(Exp4!$E$2:$E$1441,"openssl MLKEM768 (pure PQ)",Exp4!$A$2:$A$1441,"1280-on")=0,"",COUNTIFS(Exp4!$E$2:$E$1441,"openssl MLKEM768 (pure PQ)",Exp4!$A$2:$A$1441,"1280-on",Exp4!$P$2:$P$1441,TRUE)/COUNTIFS(Exp4!$E$2:$E$1441,"openssl MLKEM768 (pure PQ)",Exp4!$A$2:$A$1441,"1280-on")) | D18: =IF(COUNTIFS(Exp4!$E$2:$E$1441,"openssl MLKEM768 (pure PQ)",Exp4!$A$2:$A$1441,"1400-on")=0,"",COUNTIFS(Exp4!$E$2:$E$1441,"openssl MLKEM768 (pure PQ)",Exp4!$A$2:$A$1441,"1400-on",Exp4!$P$2:$P$1441,TRUE)/COUNTIFS(Exp4!$E$2:$E$1441,"openssl MLKEM768 (pure PQ)",Exp4!$A$2:$A$1441,"1400-on")) | E18: =IF(COUNTIFS(Exp4!$E$2:$E$1441,"openssl MLKEM768 (pure PQ)",Exp4!$A$2:$A$1441,"1460-on")=0,"",COUNTIFS(Exp4!$E$2:$E$1441,"openssl MLKEM768 (pure PQ)",Exp4!$A$2:$A$1441,"1460-on",Exp4!$P$2:$P$1441,TRUE)/COUNTIFS(Exp4!$E$2:$E$1441,"openssl MLKEM768 (pure PQ)",Exp4!$A$2:$A$1441,"1460-on")) | F18: =IF(COUNTIFS(Exp4!$E$2:$E$1441,"openssl MLKEM768 (pure PQ)",Exp4!$A$2:$A$1441,"1500-off")=0,"",COUNTIFS(Exp4!$E$2:$E$1441,"openssl MLKEM768 (pure PQ)",Exp4!$A$2:$A$1441,"1500-off",Exp4!$P$2:$P$1441,TRUE)/COUNTIFS(Exp4!$E$2:$E$1441,"openssl MLKEM768 (pure PQ)",Exp4!$A$2:$A$1441,"1500-off")) | G18: =IF(COUNTIFS(Exp4!$E$2:$E$1441,"openssl MLKEM768 (pure PQ)",Exp4!$A$2:$A$1441,"1500-on")=0,"",COUNTIFS(Exp4!$E$2:$E$1441,"openssl MLKEM768 (pure PQ)",Exp4!$A$2:$A$1441,"1500-on",Exp4!$P$2:$P$1441,TRUE)/COUNTIFS(Exp4!$E$2:$E$1441,"openssl MLKEM768 (pure PQ)",Exp4!$A$2:$A$1441,"1500-on"))
A19: openssl SecP256r1MLKEM768 | B19: =IF(COUNTIFS(Exp4!$E$2:$E$1441,"openssl SecP256r1MLKEM768",Exp4!$A$2:$A$1441,"1280-off")=0,"",COUNTIFS(Exp4!$E$2:$E$1441,"openssl SecP256r1MLKEM768",Exp4!$A$2:$A$1441,"1280-off",Exp4!$P$2:$P$1441,TRUE)/COUNTIFS(Exp4!$E$2:$E$1441,"openssl SecP256r1MLKEM768",Exp4!$A$2:$A$1441,"1280-off")) | C19: =IF(COUNTIFS(Exp4!$E$2:$E$1441,"openssl SecP256r1MLKEM768",Exp4!$A$2:$A$1441,"1280-on")=0,"",COUNTIFS(Exp4!$E$2:$E$1441,"openssl SecP256r1MLKEM768",Exp4!$A$2:$A$1441,"1280-on",Exp4!$P$2:$P$1441,TRUE)/COUNTIFS(Exp4!$E$2:$E$1441,"openssl SecP256r1MLKEM768",Exp4!$A$2:$A$1441,"1280-on")) | D19: =IF(COUNTIFS(Exp4!$E$2:$E$1441,"openssl SecP256r1MLKEM768",Exp4!$A$2:$A$1441,"1400-on")=0,"",COUNTIFS(Exp4!$E$2:$E$1441,"openssl SecP256r1MLKEM768",Exp4!$A$2:$A$1441,"1400-on",Exp4!$P$2:$P$1441,TRUE)/COUNTIFS(Exp4!$E$2:$E$1441,"openssl SecP256r1MLKEM768",Exp4!$A$2:$A$1441,"1400-on")) | E19: =IF(COUNTIFS(Exp4!$E$2:$E$1441,"openssl SecP256r1MLKEM768",Exp4!$A$2:$A$1441,"1460-on")=0,"",COUNTIFS(Exp4!$E$2:$E$1441,"openssl SecP256r1MLKEM768",Exp4!$A$2:$A$1441,"1460-on",Exp4!$P$2:$P$1441,TRUE)/COUNTIFS(Exp4!$E$2:$E$1441,"openssl SecP256r1MLKEM768",Exp4!$A$2:$A$1441,"1460-on")) | F19: =IF(COUNTIFS(Exp4!$E$2:$E$1441,"openssl SecP256r1MLKEM768",Exp4!$A$2:$A$1441,"1500-off")=0,"",COUNTIFS(Exp4!$E$2:$E$1441,"openssl SecP256r1MLKEM768",Exp4!$A$2:$A$1441,"1500-off",Exp4!$P$2:$P$1441,TRUE)/COUNTIFS(Exp4!$E$2:$E$1441,"openssl SecP256r1MLKEM768",Exp4!$A$2:$A$1441,"1500-off")) | G19: =IF(COUNTIFS(Exp4!$E$2:$E$1441,"openssl SecP256r1MLKEM768",Exp4!$A$2:$A$1441,"1500-on")=0,"",COUNTIFS(Exp4!$E$2:$E$1441,"openssl SecP256r1MLKEM768",Exp4!$A$2:$A$1441,"1500-on",Exp4!$P$2:$P$1441,TRUE)/COUNTIFS(Exp4!$E$2:$E$1441,"openssl SecP256r1MLKEM768",Exp4!$A$2:$A$1441,"1500-on"))
A20: openssl SecP384r1MLKEM1024 | B20: =IF(COUNTIFS(Exp4!$E$2:$E$1441,"openssl SecP384r1MLKEM1024",Exp4!$A$2:$A$1441,"1280-off")=0,"",COUNTIFS(Exp4!$E$2:$E$1441,"openssl SecP384r1MLKEM1024",Exp4!$A$2:$A$1441,"1280-off",Exp4!$P$2:$P$1441,TRUE)/COUNTIFS(Exp4!$E$2:$E$1441,"openssl SecP384r1MLKEM1024",Exp4!$A$2:$A$1441,"1280-off")) | C20: =IF(COUNTIFS(Exp4!$E$2:$E$1441,"openssl SecP384r1MLKEM1024",Exp4!$A$2:$A$1441,"1280-on")=0,"",COUNTIFS(Exp4!$E$2:$E$1441,"openssl SecP384r1MLKEM1024",Exp4!$A$2:$A$1441,"1280-on",Exp4!$P$2:$P$1441,TRUE)/COUNTIFS(Exp4!$E$2:$E$1441,"openssl SecP384r1MLKEM1024",Exp4!$A$2:$A$1441,"1280-on")) | D20: =IF(COUNTIFS(Exp4!$E$2:$E$1441,"openssl SecP384r1MLKEM1024",Exp4!$A$2:$A$1441,"1400-on")=0,"",COUNTIFS(Exp4!$E$2:$E$1441,"openssl SecP384r1MLKEM1024",Exp4!$A$2:$A$1441,"1400-on",Exp4!$P$2:$P$1441,TRUE)/COUNTIFS(Exp4!$E$2:$E$1441,"openssl SecP384r1MLKEM1024",Exp4!$A$2:$A$1441,"1400-on")) | E20: =IF(COUNTIFS(Exp4!$E$2:$E$1441,"openssl SecP384r1MLKEM1024",Exp4!$A$2:$A$1441,"1460-on")=0,"",COUNTIFS(Exp4!$E$2:$E$1441,"openssl SecP384r1MLKEM1024",Exp4!$A$2:$A$1441,"1460-on",Exp4!$P$2:$P$1441,TRUE)/COUNTIFS(Exp4!$E$2:$E$1441,"openssl SecP384r1MLKEM1024",Exp4!$A$2:$A$1441,"1460-on")) | F20: =IF(COUNTIFS(Exp4!$E$2:$E$1441,"openssl SecP384r1MLKEM1024",Exp4!$A$2:$A$1441,"1500-off")=0,"",COUNTIFS(Exp4!$E$2:$E$1441,"openssl SecP384r1MLKEM1024",Exp4!$A$2:$A$1441,"1500-off",Exp4!$P$2:$P$1441,TRUE)/COUNTIFS(Exp4!$E$2:$E$1441,"openssl SecP384r1MLKEM1024",Exp4!$A$2:$A$1441,"1500-off")) | G20: =IF(COUNTIFS(Exp4!$E$2:$E$1441,"openssl SecP384r1MLKEM1024",Exp4!$A$2:$A$1441,"1500-on")=0,"",COUNTIFS(Exp4!$E$2:$E$1441,"openssl SecP384r1MLKEM1024",Exp4!$A$2:$A$1441,"1500-on",Exp4!$P$2:$P$1441,TRUE)/COUNTIFS(Exp4!$E$2:$E$1441,"openssl SecP384r1MLKEM1024",Exp4!$A$2:$A$1441,"1500-on"))
A21: openssl TLS 1.2 only | B21: =IF(COUNTIFS(Exp4!$E$2:$E$1441,"openssl TLS 1.2 only",Exp4!$A$2:$A$1441,"1280-off")=0,"",COUNTIFS(Exp4!$E$2:$E$1441,"openssl TLS 1.2 only",Exp4!$A$2:$A$1441,"1280-off",Exp4!$P$2:$P$1441,TRUE)/COUNTIFS(Exp4!$E$2:$E$1441,"openssl TLS 1.2 only",Exp4!$A$2:$A$1441,"1280-off")) | C21: =IF(COUNTIFS(Exp4!$E$2:$E$1441,"openssl TLS 1.2 only",Exp4!$A$2:$A$1441,"1280-on")=0,"",COUNTIFS(Exp4!$E$2:$E$1441,"openssl TLS 1.2 only",Exp4!$A$2:$A$1441,"1280-on",Exp4!$P$2:$P$1441,TRUE)/COUNTIFS(Exp4!$E$2:$E$1441,"openssl TLS 1.2 only",Exp4!$A$2:$A$1441,"1280-on")) | D21: =IF(COUNTIFS(Exp4!$E$2:$E$1441,"openssl TLS 1.2 only",Exp4!$A$2:$A$1441,"1400-on")=0,"",COUNTIFS(Exp4!$E$2:$E$1441,"openssl TLS 1.2 only",Exp4!$A$2:$A$1441,"1400-on",Exp4!$P$2:$P$1441,TRUE)/COUNTIFS(Exp4!$E$2:$E$1441,"openssl TLS 1.2 only",Exp4!$A$2:$A$1441,"1400-on")) | E21: =IF(COUNTIFS(Exp4!$E$2:$E$1441,"openssl TLS 1.2 only",Exp4!$A$2:$A$1441,"1460-on")=0,"",COUNTIFS(Exp4!$E$2:$E$1441,"openssl TLS 1.2 only",Exp4!$A$2:$A$1441,"1460-on",Exp4!$P$2:$P$1441,TRUE)/COUNTIFS(Exp4!$E$2:$E$1441,"openssl TLS 1.2 only",Exp4!$A$2:$A$1441,"1460-on")) | F21: =IF(COUNTIFS(Exp4!$E$2:$E$1441,"openssl TLS 1.2 only",Exp4!$A$2:$A$1441,"1500-off")=0,"",COUNTIFS(Exp4!$E$2:$E$1441,"openssl TLS 1.2 only",Exp4!$A$2:$A$1441,"1500-off",Exp4!$P$2:$P$1441,TRUE)/COUNTIFS(Exp4!$E$2:$E$1441,"openssl TLS 1.2 only",Exp4!$A$2:$A$1441,"1500-off")) | G21: =IF(COUNTIFS(Exp4!$E$2:$E$1441,"openssl TLS 1.2 only",Exp4!$A$2:$A$1441,"1500-on")=0,"",COUNTIFS(Exp4!$E$2:$E$1441,"openssl TLS 1.2 only",Exp4!$A$2:$A$1441,"1500-on",Exp4!$P$2:$P$1441,TRUE)/COUNTIFS(Exp4!$E$2:$E$1441,"openssl TLS 1.2 only",Exp4!$A$2:$A$1441,"1500-on"))
A22: openssl X25519 only (classical) | B22: =IF(COUNTIFS(Exp4!$E$2:$E$1441,"openssl X25519 only (classical)",Exp4!$A$2:$A$1441,"1280-off")=0,"",COUNTIFS(Exp4!$E$2:$E$1441,"openssl X25519 only (classical)",Exp4!$A$2:$A$1441,"1280-off",Exp4!$P$2:$P$1441,TRUE)/COUNTIFS(Exp4!$E$2:$E$1441,"openssl X25519 only (classical)",Exp4!$A$2:$A$1441,"1280-off")) | C22: =IF(COUNTIFS(Exp4!$E$2:$E$1441,"openssl X25519 only (classical)",Exp4!$A$2:$A$1441,"1280-on")=0,"",COUNTIFS(Exp4!$E$2:$E$1441,"openssl X25519 only (classical)",Exp4!$A$2:$A$1441,"1280-on",Exp4!$P$2:$P$1441,TRUE)/COUNTIFS(Exp4!$E$2:$E$1441,"openssl X25519 only (classical)",Exp4!$A$2:$A$1441,"1280-on")) | D22: =IF(COUNTIFS(Exp4!$E$2:$E$1441,"openssl X25519 only (classical)",Exp4!$A$2:$A$1441,"1400-on")=0,"",COUNTIFS(Exp4!$E$2:$E$1441,"openssl X25519 only (classical)",Exp4!$A$2:$A$1441,"1400-on",Exp4!$P$2:$P$1441,TRUE)/COUNTIFS(Exp4!$E$2:$E$1441,"openssl X25519 only (classical)",Exp4!$A$2:$A$1441,"1400-on")) | E22: =IF(COUNTIFS(Exp4!$E$2:$E$1441,"openssl X25519 only (classical)",Exp4!$A$2:$A$1441,"1460-on")=0,"",COUNTIFS(Exp4!$E$2:$E$1441,"openssl X25519 only (classical)",Exp4!$A$2:$A$1441,"1460-on",Exp4!$P$2:$P$1441,TRUE)/COUNTIFS(Exp4!$E$2:$E$1441,"openssl X25519 only (classical)",Exp4!$A$2:$A$1441,"1460-on")) | F22: =IF(COUNTIFS(Exp4!$E$2:$E$1441,"openssl X25519 only (classical)",Exp4!$A$2:$A$1441,"1500-off")=0,"",COUNTIFS(Exp4!$E$2:$E$1441,"openssl X25519 only (classical)",Exp4!$A$2:$A$1441,"1500-off",Exp4!$P$2:$P$1441,TRUE)/COUNTIFS(Exp4!$E$2:$E$1441,"openssl X25519 only (classical)",Exp4!$A$2:$A$1441,"1500-off")) | G22: =IF(COUNTIFS(Exp4!$E$2:$E$1441,"openssl X25519 only (classical)",Exp4!$A$2:$A$1441,"1500-on")=0,"",COUNTIFS(Exp4!$E$2:$E$1441,"openssl X25519 only (classical)",Exp4!$A$2:$A$1441,"1500-on",Exp4!$P$2:$P$1441,TRUE)/COUNTIFS(Exp4!$E$2:$E$1441,"openssl X25519 only (classical)",Exp4!$A$2:$A$1441,"1500-on"))
A23: openssl X25519MLKEM768 only | B23: =IF(COUNTIFS(Exp4!$E$2:$E$1441,"openssl X25519MLKEM768 only",Exp4!$A$2:$A$1441,"1280-off")=0,"",COUNTIFS(Exp4!$E$2:$E$1441,"openssl X25519MLKEM768 only",Exp4!$A$2:$A$1441,"1280-off",Exp4!$P$2:$P$1441,TRUE)/COUNTIFS(Exp4!$E$2:$E$1441,"openssl X25519MLKEM768 only",Exp4!$A$2:$A$1441,"1280-off")) | C23: =IF(COUNTIFS(Exp4!$E$2:$E$1441,"openssl X25519MLKEM768 only",Exp4!$A$2:$A$1441,"1280-on")=0,"",COUNTIFS(Exp4!$E$2:$E$1441,"openssl X25519MLKEM768 only",Exp4!$A$2:$A$1441,"1280-on",Exp4!$P$2:$P$1441,TRUE)/COUNTIFS(Exp4!$E$2:$E$1441,"openssl X25519MLKEM768 only",Exp4!$A$2:$A$1441,"1280-on")) | D23: =IF(COUNTIFS(Exp4!$E$2:$E$1441,"openssl X25519MLKEM768 only",Exp4!$A$2:$A$1441,"1400-on")=0,"",COUNTIFS(Exp4!$E$2:$E$1441,"openssl X25519MLKEM768 only",Exp4!$A$2:$A$1441,"1400-on",Exp4!$P$2:$P$1441,TRUE)/COUNTIFS(Exp4!$E$2:$E$1441,"openssl X25519MLKEM768 only",Exp4!$A$2:$A$1441,"1400-on")) | E23: =IF(COUNTIFS(Exp4!$E$2:$E$1441,"openssl X25519MLKEM768 only",Exp4!$A$2:$A$1441,"1460-on")=0,"",COUNTIFS(Exp4!$E$2:$E$1441,"openssl X25519MLKEM768 only",Exp4!$A$2:$A$1441,"1460-on",Exp4!$P$2:$P$1441,TRUE)/COUNTIFS(Exp4!$E$2:$E$1441,"openssl X25519MLKEM768 only",Exp4!$A$2:$A$1441,"1460-on")) | F23: =IF(COUNTIFS(Exp4!$E$2:$E$1441,"openssl X25519MLKEM768 only",Exp4!$A$2:$A$1441,"1500-off")=0,"",COUNTIFS(Exp4!$E$2:$E$1441,"openssl X25519MLKEM768 only",Exp4!$A$2:$A$1441,"1500-off",Exp4!$P$2:$P$1441,TRUE)/COUNTIFS(Exp4!$E$2:$E$1441,"openssl X25519MLKEM768 only",Exp4!$A$2:$A$1441,"1500-off")) | G23: =IF(COUNTIFS(Exp4!$E$2:$E$1441,"openssl X25519MLKEM768 only",Exp4!$A$2:$A$1441,"1500-on")=0,"",COUNTIFS(Exp4!$E$2:$E$1441,"openssl X25519MLKEM768 only",Exp4!$A$2:$A$1441,"1500-on",Exp4!$P$2:$P$1441,TRUE)/COUNTIFS(Exp4!$E$2:$E$1441,"openssl X25519MLKEM768 only",Exp4!$A$2:$A$1441,"1500-on"))
A24: openssl secp256r1 only (classical) | B24: =IF(COUNTIFS(Exp4!$E$2:$E$1441,"openssl secp256r1 only (classical)",Exp4!$A$2:$A$1441,"1280-off")=0,"",COUNTIFS(Exp4!$E$2:$E$1441,"openssl secp256r1 only (classical)",Exp4!$A$2:$A$1441,"1280-off",Exp4!$P$2:$P$1441,TRUE)/COUNTIFS(Exp4!$E$2:$E$1441,"openssl secp256r1 only (classical)",Exp4!$A$2:$A$1441,"1280-off")) | C24: =IF(COUNTIFS(Exp4!$E$2:$E$1441,"openssl secp256r1 only (classical)",Exp4!$A$2:$A$1441,"1280-on")=0,"",COUNTIFS(Exp4!$E$2:$E$1441,"openssl secp256r1 only (classical)",Exp4!$A$2:$A$1441,"1280-on",Exp4!$P$2:$P$1441,TRUE)/COUNTIFS(Exp4!$E$2:$E$1441,"openssl secp256r1 only (classical)",Exp4!$A$2:$A$1441,"1280-on")) | D24: =IF(COUNTIFS(Exp4!$E$2:$E$1441,"openssl secp256r1 only (classical)",Exp4!$A$2:$A$1441,"1400-on")=0,"",COUNTIFS(Exp4!$E$2:$E$1441,"openssl secp256r1 only (classical)",Exp4!$A$2:$A$1441,"1400-on",Exp4!$P$2:$P$1441,TRUE)/COUNTIFS(Exp4!$E$2:$E$1441,"openssl secp256r1 only (classical)",Exp4!$A$2:$A$1441,"1400-on")) | E24: =IF(COUNTIFS(Exp4!$E$2:$E$1441,"openssl secp256r1 only (classical)",Exp4!$A$2:$A$1441,"1460-on")=0,"",COUNTIFS(Exp4!$E$2:$E$1441,"openssl secp256r1 only (classical)",Exp4!$A$2:$A$1441,"1460-on",Exp4!$P$2:$P$1441,TRUE)/COUNTIFS(Exp4!$E$2:$E$1441,"openssl secp256r1 only (classical)",Exp4!$A$2:$A$1441,"1460-on")) | F24: =IF(COUNTIFS(Exp4!$E$2:$E$1441,"openssl secp256r1 only (classical)",Exp4!$A$2:$A$1441,"1500-off")=0,"",COUNTIFS(Exp4!$E$2:$E$1441,"openssl secp256r1 only (classical)",Exp4!$A$2:$A$1441,"1500-off",Exp4!$P$2:$P$1441,TRUE)/COUNTIFS(Exp4!$E$2:$E$1441,"openssl secp256r1 only (classical)",Exp4!$A$2:$A$1441,"1500-off")) | G24: =IF(COUNTIFS(Exp4!$E$2:$E$1441,"openssl secp256r1 only (classical)",Exp4!$A$2:$A$1441,"1500-on")=0,"",COUNTIFS(Exp4!$E$2:$E$1441,"openssl secp256r1 only (classical)",Exp4!$A$2:$A$1441,"1500-on",Exp4!$P$2:$P$1441,TRUE)/COUNTIFS(Exp4!$E$2:$E$1441,"openssl secp256r1 only (classical)",Exp4!$A$2:$A$1441,"1500-on"))
A25: python 3.14 urllib (OpenSSL 3.5.8) | B25: =IF(COUNTIFS(Exp4!$E$2:$E$1441,"python 3.14 urllib (OpenSSL 3.5.8)",Exp4!$A$2:$A$1441,"1280-off")=0,"",COUNTIFS(Exp4!$E$2:$E$1441,"python 3.14 urllib (OpenSSL 3.5.8)",Exp4!$A$2:$A$1441,"1280-off",Exp4!$P$2:$P$1441,TRUE)/COUNTIFS(Exp4!$E$2:$E$1441,"python 3.14 urllib (OpenSSL 3.5.8)",Exp4!$A$2:$A$1441,"1280-off")) | C25: =IF(COUNTIFS(Exp4!$E$2:$E$1441,"python 3.14 urllib (OpenSSL 3.5.8)",Exp4!$A$2:$A$1441,"1280-on")=0,"",COUNTIFS(Exp4!$E$2:$E$1441,"python 3.14 urllib (OpenSSL 3.5.8)",Exp4!$A$2:$A$1441,"1280-on",Exp4!$P$2:$P$1441,TRUE)/COUNTIFS(Exp4!$E$2:$E$1441,"python 3.14 urllib (OpenSSL 3.5.8)",Exp4!$A$2:$A$1441,"1280-on")) | D25: =IF(COUNTIFS(Exp4!$E$2:$E$1441,"python 3.14 urllib (OpenSSL 3.5.8)",Exp4!$A$2:$A$1441,"1400-on")=0,"",COUNTIFS(Exp4!$E$2:$E$1441,"python 3.14 urllib (OpenSSL 3.5.8)",Exp4!$A$2:$A$1441,"1400-on",Exp4!$P$2:$P$1441,TRUE)/COUNTIFS(Exp4!$E$2:$E$1441,"python 3.14 urllib (OpenSSL 3.5.8)",Exp4!$A$2:$A$1441,"1400-on")) | E25: =IF(COUNTIFS(Exp4!$E$2:$E$1441,"python 3.14 urllib (OpenSSL 3.5.8)",Exp4!$A$2:$A$1441,"1460-on")=0,"",COUNTIFS(Exp4!$E$2:$E$1441,"python 3.14 urllib (OpenSSL 3.5.8)",Exp4!$A$2:$A$1441,"1460-on",Exp4!$P$2:$P$1441,TRUE)/COUNTIFS(Exp4!$E$2:$E$1441,"python 3.14 urllib (OpenSSL 3.5.8)",Exp4!$A$2:$A$1441,"1460-on")) | F25: =IF(COUNTIFS(Exp4!$E$2:$E$1441,"python 3.14 urllib (OpenSSL 3.5.8)",Exp4!$A$2:$A$1441,"1500-off")=0,"",COUNTIFS(Exp4!$E$2:$E$1441,"python 3.14 urllib (OpenSSL 3.5.8)",Exp4!$A$2:$A$1441,"1500-off",Exp4!$P$2:$P$1441,TRUE)/COUNTIFS(Exp4!$E$2:$E$1441,"python 3.14 urllib (OpenSSL 3.5.8)",Exp4!$A$2:$A$1441,"1500-off")) | G25: =IF(COUNTIFS(Exp4!$E$2:$E$1441,"python 3.14 urllib (OpenSSL 3.5.8)",Exp4!$A$2:$A$1441,"1500-on")=0,"",COUNTIFS(Exp4!$E$2:$E$1441,"python 3.14 urllib (OpenSSL 3.5.8)",Exp4!$A$2:$A$1441,"1500-on",Exp4!$P$2:$P$1441,TRUE)/COUNTIFS(Exp4!$E$2:$E$1441,"python 3.14 urllib (OpenSSL 3.5.8)",Exp4!$A$2:$A$1441,"1500-on"))

Sheet Exp5_cost
A1: Condition | B1: Round | C1: Connections | D1: Wall seconds | E1: Handshakes per s | F1: Attached | G1: Detected | H1: Dropped | I1: Blocks
A2: off | B2: 1 | C2: 18691 | D2: 30.7 | E2: 608.827 | F2: 0 | H2: 0 | I2: 0
A3: off | B3: 2 | C3: 19030 | D3: 30.73 | E3: 619.265 | F3: 0 | H3: 0 | I3: 0
A4: off | B4: 3 | C4: 18719 | D4: 30.74 | E4: 608.946 | F4: 0 | H4: 0 | I4: 0
A5: off | B5: 4 | C5: 18246 | D5: 30.75 | E5: 593.366 | F5: 0 | H5: 0 | I5: 0
A6: off | B6: 5 | C6: 18635 | D6: 30.74 | E6: 606.213 | F6: 0 | H6: 0 | I6: 0
A7: off | B7: 6 | C7: 18802 | D7: 30.73 | E7: 611.845 | F7: 0 | H7: 0 | I7: 0
A8: off | B8: 7 | C8: 18956 | D8: 30.74 | E8: 616.656 | F8: 0 | H8: 0 | I8: 0
A9: off | B9: 8 | C9: 18761 | D9: 30.73 | E9: 610.511 | F9: 0 | H9: 0 | I9: 0
A10: off | B10: 9 | C10: 18733 | D10: 30.73 | E10: 609.6 | F10: 0 | H10: 0 | I10: 0
A11: off | B11: 10 | C11: 18786 | D11: 30.74 | E11: 611.126 | F11: 0 | H11: 0 | I11: 0
A12: audit | B12: 1 | C12: 18830 | D12: 30.88 | E12: 609.78 | F12: 1 | G12: 18830 | H12: 0 | I12: 0
A13: audit | B13: 2 | C13: 18811 | D13: 30.67 | E13: 613.336 | F13: 1 | G13: 18811 | H13: 0 | I13: 0
A14: audit | B14: 3 | C14: 18415 | D14: 30.88 | E14: 596.341 | F14: 1 | G14: 18415 | H14: 0 | I14: 0
A15: audit | B15: 4 | C15: 18376 | D15: 30.88 | E15: 595.078 | F15: 1 | G15: 18376 | H15: 0 | I15: 0
A16: audit | B16: 5 | C16: 18216 | D16: 30.67 | E16: 593.935 | F16: 1 | G16: 18216 | H16: 0 | I16: 0
A17: audit | B17: 6 | C17: 19078 | D17: 30.87 | E17: 618.011 | F17: 1 | G17: 19078 | H17: 0 | I17: 0
A18: audit | B18: 7 | C18: 18976 | D18: 30.88 | E18: 614.508 | F18: 1 | G18: 18976 | H18: 0 | I18: 0
A19: audit | B19: 8 | C19: 18906 | D19: 30.68 | E19: 616.232 | F19: 1 | G19: 18906 | H19: 0 | I19: 0
A20: audit | B20: 9 | C20: 18758 | D20: 30.88 | E20: 607.448 | F20: 1 | G20: 18758 | H20: 0 | I20: 0
A21: audit | B21: 10 | C21: 18762 | D21: 30.88 | E21: 607.578 | F21: 1 | G21: 18762 | H21: 0 | I21: 0
A22: enforce | B22: 1 | C22: 18765 | D22: 30.69 | E22: 611.437 | F22: 1 | G22: 18765 | H22: 0 | I22: 0
A23: enforce | B23: 2 | C23: 18732 | D23: 30.65 | E23: 611.158 | F23: 1 | G23: 18732 | H23: 0 | I23: 0
... A31: enforce | B31: 10 | C31: 18529 | D31: 30.69 | E31: 603.747 | F31: 1 | G31: 18529 | H31: 0 | I31: 0

Sheet Exp5_stats
A1: Condition | B1: Round | C1: Handshakes per s | D1: run_cnt | E1: run_time_ns | F1: ns per call | G1: Dropped
A2: off | B2: 1 | C2: 599.8 | F2: =IF(D2="","",E2/D2) | G2: 0
A3: off | B3: 2 | C3: 598.308 | F3: =IF(D3="","",E3/D3) | G3: 0
A4: audit | B4: 1 | C4: 596.145 | D4: 110429 | E4: 71366285 | F4: =IF(D4="","",E4/D4) | G4: 0
A5: audit | B5: 2 | C5: 599.576 | D5: 110344 | E5: 71941942 | F5: =IF(D5="","",E5/D5) | G5: 0
A6: enforce | B6: 1 | C6: 596.573 | D6: 109690 | E6: 80049782 | F6: =IF(D6="","",E6/D6) | G6: 0
A7: enforce | B7: 2 | C7: 599.348 | D7: 110336 | E7: 82313516 | F7: =IF(D7="","",E7/D7) | G7: 0

Sheet Exp5_tput
A1: Condition | B1: Round | C1: Bytes | D1: Wall seconds | E1: Gbps | F1: Dropped
A2: off | B2: 1 | C2: 136329560064 | D2: 19.9994 | E2: 54.5335 | F2: 0
A3: off | B3: 2 | C3: 142862188544 | D3: 19.9992 | E3: 57.1472 | F3: 0
A4: off | B4: 3 | C4: 135478116352 | D4: 19.9995 | E4: 54.1926 | F4: 0
A5: off | B5: 4 | C5: 134723141632 | D5: 19.9994 | E5: 53.8909 | F5: 0
A6: off | B6: 5 | C6: 136876916736 | D6: 19.9993 | E6: 54.7527 | F6: 0
A7: audit | B7: 1 | C7: 143044640768 | D7: 19.9993 | E7: 57.2199 | F7: 0
A8: audit | B8: 2 | C8: 135112163328 | D8: 19.9993 | E8: 54.0468 | F8: 0
A9: audit | B9: 3 | C9: 132528472064 | D9: 19.9993 | E9: 53.0132 | F9: 0
A10: audit | B10: 4 | C10: 133235212288 | D10: 19.9994 | E10: 53.2957 | F10: 0
A11: audit | B11: 5 | C11: 132288348160 | D11: 19.9994 | E11: 52.9169 | F11: 0
A12: enforce | B12: 1 | C12: 141920567296 | D12: 19.9995 | E12: 56.7696 | F12: 0
A13: enforce | B13: 2 | C13: 137754574848 | D13: 19.9993 | E13: 55.1038 | F13: 0
... A16: enforce | B16: 5 | C16: 141151961088 | D16: 19.9993 | E16: 56.4628 | F16: 0

Sheet Exp5_latency
A1: off (ms) | B1: audit (ms) | C1: enforce (ms) | E1: Statistic | F1: off | G1: audit | H1: enforce
A2: 4.6479 | B2: 3.9938 | C2: 4.5199 | E2: p50 | F2: =PERCENTILE(A2:A10001,0.5) | G2: =PERCENTILE(B2:B10001,0.5) | H2: =PERCENTILE(C2:C10001,0.5)
A3: 1.7277 | B3: 1.9117 | C3: 2.183 | E3: p99 | F3: =PERCENTILE(A2:A10001,0.99) | G3: =PERCENTILE(B2:B10001,0.99) | H3: =PERCENTILE(C2:C10001,0.99)
A4: 1.8858 | B4: 1.8489 | C4: 2.0719 | E4: Dropped events | F4: 0
A5: 1.5716 | B5: 1.7679 | C5: 2.0305
A6: 1.6648 | B6: 1.7845 | C6: 2.1064
A7: 1.5679 | B7: 1.5849 | C7: 2.1011
A8: 1.5588 | B8: 1.7225 | C8: 1.6354
A9: 1.5575 | B9: 1.5441 | C9: 1.5155
A10: 1.5969 | B10: 1.504 | C10: 1.5419
A11: 1.5366 | B11: 1.699 | C11: 1.5231
A12: 1.8628 | B12: 1.7507 | C12: 1.5787
A13: 1.5971 | B13: 1.5287 | C13: 1.5569
A14: 1.7587 | B14: 1.4446 | C14: 1.514
A15: 1.5618 | B15: 1.4426 | C15: 1.467
A16: 1.5363 | B16: 1.6734 | C16: 1.5049
... A10001: 1.401 | B10001: 1.4132 | C10001: 1.4448

Sheet Exp5_policy
A1: Rules | B1: Ciphers | C1: Round | D1: Connections | E1: Wall seconds | F1: Handshakes per s | G1: Blocks | H1: Dropped
A2: 1 | B2: 30 | C2: 1 | D2: 12389 | E2: 20.11 | F2: 616.062 | G2: 0 | H2: 0
A3: 1 | B3: 30 | C3: 2 | D3: 12940 | E3: 20.7 | F3: 625.121 | G3: 0 | H3: 0
A4: 1 | B4: 30 | C4: 3 | D4: 12738 | E4: 20.72 | F4: 614.768 | G4: 0 | H4: 0
A5: 1 | B5: 30 | C5: 4 | D5: 12625 | E5: 20.72 | F5: 609.315 | G5: 0 | H5: 0
A6: 1 | B6: 30 | C6: 5 | D6: 12500 | E6: 20.69 | F6: 604.157 | G6: 0 | H6: 0
A7: 1 | B7: 1 | C7: 1 | D7: 13381 | E7: 20.69 | F7: 646.738 | G7: 0 | H7: 0
A8: 1 | B8: 1 | C8: 2 | D8: 13417 | E8: 20.7 | F8: 648.164 | G8: 0 | H8: 0
A9: 1 | B9: 1 | C9: 3 | D9: 13216 | E9: 20.69 | F9: 638.763 | G9: 0 | H9: 0
A10: 1 | B10: 1 | C10: 4 | D10: 13092 | E10: 20.68 | F10: 633.075 | G10: 0 | H10: 0
A11: 1 | B11: 1 | C11: 5 | D11: 13319 | E11: 20.69 | F11: 643.741 | G11: 0 | H11: 0
A12: 16 | B12: 30 | C12: 1 | D12: 12659 | E12: 20.69 | F12: 611.841 | G12: 0 | H12: 0
A13: 16 | B13: 30 | C13: 2 | D13: 12855 | E13: 20.7 | F13: 621.014 | G13: 0 | H13: 0
... A21: 64 | B21: 30 | C21: 5 | D21: 12779 | E21: 20.69 | F21: 617.641 | G21: 0 | H21: 0

Sheet Exp5_sat
A1: Parallel clients | B1: Connections | C1: Wall seconds | D1: Handshakes per s | E1: Detected | F1: Dropped
A2: 1 | B2: 12740 | C2: 20.77 | D2: 613.385 | E2: 12740 | F2: 0
A3: 2 | B3: 15232 | C3: 20.76 | D3: 733.719 | E3: 15232 | F3: 0
A4: 4 | B4: 15065 | C4: 20.74 | D4: 726.374 | E4: 15065 | F4: 0
A5: 8 | B5: 14006 | C5: 20.74 | D5: 675.313 | E5: 14006 | F5: 0

Sheet Exp5_footprint
A1: Item | B1: Value | C1: Unit
A2: Program, translated | B2: 4336 | C2: bytes
A3: Program, JIT | B3: 2427 | C3: bytes
A4: Verified instructions | B4: 13431 | C4: instructions
A5: Map events (ringbuf) | B5: 275776 | C5: bytes
A6: Map scratch (percpu_array) | B6: 1848 | C6: bytes
A7: Map cgroup_rule (hash) | B7: 329152 | C7: bytes
A8: Map rules (array) | B8: 533304 | C8: bytes
A9: Map stats (array) | B9: 328 | C9: bytes
A10: Map skbounce.rodata (array) | B10: 8192 | C10: bytes
A11: Userspace resident memory | B11: 13176 | C11: KiB
A12: Userspace CPU time | B12: 0.68 | C12: s
A13: Over a run of | B13: 20 | C13: s

Sheet Exp6_matrix
A1: Client | B1: Policy | C1: skbouncer verdict | D1: Reference verdict | E1: on_unknown block | F1: Server received | G1: Blocked | H1: Should block | I1: Agrees
A2: openssl 3.5.8 default | B2: min13 | C2: violation | D2: violation | E2: FALSE | F2: FALSE | G2: =NOT(F2) | H2: =IF(C2="unknown",E2,D2="violation") | I2: =G2=H2
A3: openssl 3.5.8 default | B3: ciphers | C3: violation | D3: violation | E3: FALSE | F3: FALSE | G3: =NOT(F3) | H3: =IF(C3="unknown",E3,D3="violation") | I3: =G3=H3
A4: openssl 3.5.8 default | B4: min13_block | C4: violation | D4: violation | E4: TRUE | F4: FALSE | G4: =NOT(F4) | H4: =IF(C4="unknown",E4,D4="violation") | I4: =G4=H4
A5: openssl X25519 only (classical) | B5: min13 | C5: violation | D5: violation | E5: FALSE | F5: FALSE | G5: =NOT(F5) | H5: =IF(C5="unknown",E5,D5="violation") | I5: =G5=H5
A6: openssl X25519 only (classical) | B6: ciphers | C6: violation | D6: violation | E6: FALSE | F6: FALSE | G6: =NOT(F6) | H6: =IF(C6="unknown",E6,D6="violation") | I6: =G6=H6
A7: openssl X25519 only (classical) | B7: min13_block | C7: violation | D7: violation | E7: TRUE | F7: FALSE | G7: =NOT(F7) | H7: =IF(C7="unknown",E7,D7="violation") | I7: =G7=H7
A8: openssl secp256r1 only (classical) | B8: min13 | C8: violation | D8: violation | E8: FALSE | F8: FALSE | G8: =NOT(F8) | H8: =IF(C8="unknown",E8,D8="violation") | I8: =G8=H8
A9: openssl secp256r1 only (classical) | B9: ciphers | C9: violation | D9: violation | E9: FALSE | F9: FALSE | G9: =NOT(F9) | H9: =IF(C9="unknown",E9,D9="violation") | I9: =G9=H9
A10: openssl secp256r1 only (classical) | B10: min13_block | C10: violation | D10: violation | E10: TRUE | F10: FALSE | G10: =NOT(F10) | H10: =IF(C10="unknown",E10,D10="violation") | I10: =G10=H10
A11: openssl X25519MLKEM768 only | B11: min13 | C11: violation | D11: violation | E11: FALSE | F11: FALSE | G11: =NOT(F11) | H11: =IF(C11="unknown",E11,D11="violation") | I11: =G11=H11
A12: openssl X25519MLKEM768 only | B12: ciphers | C12: violation | D12: violation | E12: FALSE | F12: FALSE | G12: =NOT(F12) | H12: =IF(C12="unknown",E12,D12="violation") | I12: =G12=H12
A13: openssl X25519MLKEM768 only | B13: min13_block | C13: violation | D13: violation | E13: TRUE | F13: FALSE | G13: =NOT(F13) | H13: =IF(C13="unknown",E13,D13="violation") | I13: =G13=H13
... A73: browser tor145 | B73: min13_block | C73: violation | D73: violation | E73: TRUE | F73: FALSE | G73: =NOT(F73) | H73: =IF(C73="unknown",E73,D73="violation") | I73: =G73=H73

Sheet Exp6_scenarios
A1: Scenario | B1: Audit verdict | C1: Enforce: server received | D1: Blocked
A2: legacy | B2: violation | C2: FALSE | D2: =NOT(C2)
A3: cbc_sha1 | B3: violation | C3: FALSE | D3: =NOT(C3)
A4: pq_unknown | B4: unknown | C4: FALSE | D4: =NOT(C4)

Sheet Exp6_waits
A1: Client | B1: Seconds until failure | C1: Capped at 300 s | D1: Exit status
A2: openssl 3.5.8 default | B2: 300.04 | C2: TRUE | D2: 143
A3: openssl X25519 only (classical) | B3: 300.04 | C3: TRUE | D3: 143
A4: openssl secp256r1 only (classical) | B4: 300.04 | C4: TRUE | D4: 143
A5: openssl X25519MLKEM768 only | B5: 300.05 | C5: TRUE | D5: 143
A6: openssl SecP256r1MLKEM768 | B6: 300.05 | C6: TRUE | D6: 143
A7: openssl SecP384r1MLKEM1024 | B7: 300.04 | C7: TRUE | D7: 143
A8: openssl MLKEM768 (pure PQ) | B8: 300.04 | C8: TRUE | D8: 143
A9: openssl MLKEM1024 (pure PQ) | B9: 300.05 | C9: TRUE | D9: 143
A10: openssl TLS 1.2 only | B10: 300.04 | C10: TRUE | D10: 143
A11: curl 8.22 (OpenSSL 3.5.8) | B11: 5.01 | C11: FALSE | D11: 28
A12: python 3.14 urllib (OpenSSL 3.5.8) | B12: 5.5 | C12: FALSE | D12: 1
A13: node 26 https (OpenSSL 3.5.8) | B13: 300.04 | C13: TRUE | D13: 143
... A25: browser tor145 | B25: 5 | C25: FALSE | D25: 28

Sheet Exp7
A1: Containers in run | B1: Container | C1: Shares a namespace | D1: veth | E1: IP | F1: Server port | G1: Handshakes ok | H1: Events | I1: Events naming it | J1: Unnamed events
A2: 10 | B2: skb-attrib-607112-s1 | C2: FALSE | D2: vethb4f7b7c | E2: 172.18.0.3 | F2: 5001 | G2: 5 | H2: 5 | I2: 5 | J2: 0
A3: 10 | B3: skb-attrib-607112-s2 | C3: FALSE | D3: veth19adcc7 | E3: 172.18.0.4 | F3: 5002 | G3: 5 | H3: 5 | I3: 5 | J3: 0
A4: 10 | B4: skb-attrib-607112-s3 | C4: FALSE | D4: veth6cf06ce | E4: 172.18.0.5 | F4: 5003 | G4: 5 | H4: 5 | I4: 5 | J4: 0
A5: 10 | B5: skb-attrib-607112-s4 | C5: FALSE | D5: veth2243a54 | E5: 172.18.0.6 | F5: 5004 | G5: 5 | H5: 5 | I5: 5 | J5: 0
A6: 10 | B6: skb-attrib-607112-s5 | C6: FALSE | D6: vethbc9be02 | E6: 172.18.0.7 | F6: 5005 | G6: 5 | H6: 5 | I6: 5 | J6: 0
A7: 10 | B7: skb-attrib-607112-g1-1 | C7: TRUE | D7: vethe0699ce | E7: 172.18.0.8 | F7: 5006 | G7: 5 | H7: 5 | I7: 5 | J7: 0
A8: 10 | B8: skb-attrib-607112-g1-2 | C8: TRUE | D8: vethe0699ce | E8: 172.18.0.8 | F8: 5007 | G8: 5 | H8: 5 | I8: 5 | J8: 0
A9: 10 | B9: skb-attrib-607112-g1-3 | C9: TRUE | D9: vethe0699ce | E9: 172.18.0.8 | F9: 5008 | G9: 5 | H9: 5 | I9: 5 | J9: 0
A10: 10 | B10: skb-attrib-607112-g1-4 | C10: TRUE | D10: vethe0699ce | E10: 172.18.0.8 | F10: 5009 | G10: 5 | H10: 5 | I10: 5 | J10: 0
A11: 10 | B11: skb-attrib-607112-g1-5 | C11: TRUE | D11: vethe0699ce | E11: 172.18.0.8 | F11: 5010 | G11: 5 | H11: 5 | I11: 5 | J11: 0
A12: 50 | B12: skb-attrib-610300-s1 | C12: FALSE | D12: veth2575d61 | E12: 172.18.0.3 | F12: 5001 | G12: 5 | H12: 5 | I12: 5 | J12: 0
A13: 50 | B13: skb-attrib-610300-s2 | C13: FALSE | D13: vethff43bca | E13: 172.18.0.4 | F13: 5002 | G13: 5 | H13: 5 | I13: 5 | J13: 0
... A61: 50 | B61: skb-attrib-610300-g5-5 | C61: TRUE | D61: veth1e67700 | E61: 172.18.0.32 | F61: 5050 | G61: 5 | H61: 5 | I61: 5 | J61: 0

Sheet Environment
A1: Item | B1: Value
A2: date | B2: 2026-10-06T07:29:12+00:00
A3: host | B3: ip-172-31-20-52
A4: instance | B4: c7i.2xlarge ap-southeast-1
A5: cpu | B5: 8 x Intel(R) Xeon(R) Platinum 8488C
A6: memory | B6: 15 GiB
A7: os | B7: Ubuntu 26.04.1 LTS
A8: kernel | B8: 7.0.0-1013-aws
A9: kernel holds | B9: 18 packages
A10: skbouncer | B10: skbouncer eval-2 a0c3e9cd0f701e8ba7089a26788bdafde51f45ac
A11: clang | B11: 21.1.8 (6ubuntu1)
A12: libbpf | B12: 1.6.3
... A28: chrony | B28: A9FEA97B (169.254.169.123); 0.000000922 seconds slow of NTP time; Normal;

Sheet About
A1: Item | B1: Note
A2: Source | B2: eval/results/results-eval-2.tar.xz, tag eval-2
A3: Run | B3: 2026-10-06 on c7i.2xlarge ap-southeast-1, kernel 7.0.0-1013-aws (sheet Environment)
A4: Criteria | B4: eval/PLAN.md. Figures on the Criteria sheet are formulas over the data sheets.
A5: Reference verdicts | B5: eval/score.py reference_verdict(): policy/README.md applied to the server's own decode
A6: Grades | B6: Durumeric et al., NDSS 2017, section V-A; cipher properties from IANA's registry
A7: Fuzz decode | B7: tests/check_m7_3.py decode(): an independent decode of each mutated ClientHello as sent
A8: Experiment 5 raw events | B8: Per-handshake event streams are in the archive only; the sheets hold per-run counters
